Customer_ID,Age,Gender,Location,Join_Date,Anciennete_Jours,Total_Spent,Nb_Achats,Montant_Total,Panier_Moyen,Premier_Achat,Dernier_Achat,Recence_Jours,Part_Clothing,Part_Footwear,Part_Outerwear,Part_Accessories,Canal_Prefere,Part_Online
2001,28,Female,New York,2022-05-10,966,500.0,2,140.0,70.0,2023-01-15,2023-01-17,714,35.71,64.29,0.0,0.0,Online,100.0
2002,35,Male,Los Angeles,2022-06-15,930,750.0,1,75.0,75.0,2023-01-16,2023-01-16,715,100.0,0.0,0.0,0.0,In-Store,0.0
2003,22,Male,Chicago,2022-07-20,895,300.0,1,120.0,120.0,2023-01-18,2023-01-18,713,0.0,0.0,100.0,0.0,In-Store,0.0
2004,30,Female,Houston,2022-08-25,859,600.0,1,45.0,45.0,2023-01-19,2023-01-19,712,0.0,0.0,0.0,100.0,Online,100.0
2005,27,Female,Phoenix,2022-09-30,823,450.0,0,0.0,0.0,,,,0.0,0.0,0.0,0.0,,0.0
2006,51,Female,Houston,2022-02-14,1051,952.82,5,785.0,157.0,2023-10-09,2024-12-07,24,10.83,22.93,66.24,0.0,In-Store,40.0
2007,32,Male,Los Angeles,2023-06-15,565,0.0,0,0.0,0.0,,,,0.0,0.0,0.0,0.0,,0.0
2008,35,Female,Miami,2023-10-19,439,360.0,2,360.0,180.0,2024-01-17,2024-07-16,168,0.0,0.0,100.0,0.0,Online,100.0
2009,26,Male,San Diego,2024-01-13,353,82.5,2,82.5,41.25,2024-04-17,2024-04-20,255,0.0,0.0,0.0,100.0,In-Store,0.0
2010,49,Female,Dallas,2023-10-16,442,220.0,2,220.0,110.0,2023-12-20,2024-04-15,260,18.18,0.0,81.82,0.0,In-Store,0.0
2011,22,Female,Chicago,2021-01-18,1443,1408.95,15,942.5,62.83,2023-01-17,2024-12-14,17,74.8,14.85,0.0,10.34,Online,86.67
2012,53,Male,Dallas,2024-01-12,354,75.0,1,75.0,75.0,2024-10-31,2024-10-31,61,100.0,0.0,0.0,0.0,Online,100.0
2013,39,Female,San Diego,2023-07-04,546,1290.0,7,1290.0,184.29,2023-11-26,2024-12-24,7,0.0,0.0,100.0,0.0,In-Store,28.57
2014,38,Female,Phoenix,2021-05-29,1312,1173.09,7,975.0,139.29,2023-05-24,2024-10-18,74,0.0,0.0,95.38,4.62,Online,57.14
2015,35,Male,San Diego,2023-07-11,539,0.0,0,0.0,0.0,,,,0.0,0.0,0.0,0.0,,0.0
2016,26,Male,Chicago,2023-07-22,528,0.0,0,0.0,0.0,,,,0.0,0.0,0.0,0.0,,0.0
2017,46,Female,San Antonio,2022-10-06,817,103.14,1,40.0,40.0,2023-09-28,2023-09-28,460,0.0,0.0,0.0,100.0,Online,100.0
2018,49,Male,Houston,2022-07-21,894,452.78,6,390.0,65.0,2023-04-03,2024-11-29,32,35.9,17.95,46.15,0.0,In-Store,16.67
2019,40,Male,Philadelphia,2024-02-04,331,22.5,1,22.5,22.5,2024-04-15,2024-04-15,260,0.0,0.0,0.0,100.0,Online,100.0
2020,21,Female,San Diego,2023-03-08,664,1012.0,19,1012.0,53.26,2023-03-16,2024-12-25,6,54.84,22.73,0.0,22.43,Online,78.95
2021,36,Male,Dallas,2021-01-02,1459,868.15,6,271.5,45.25,2023-09-16,2024-10-23,69,55.25,0.0,0.0,44.75,Online,66.67
2022,36,Male,Chicago,2021-05-20,1321,1949.87,10,1555.0,155.5,2023-03-15,2024-12-26,5,3.54,0.0,96.46,0.0,Online,50.0
2023,22,Female,Chicago,2024-05-15,230,261.0,6,261.0,43.5,2024-05-22,2024-12-29,2,40.23,11.49,0.0,48.28,Online,100.0
2024,61,Male,Chicago,2021-02-04,1426,1103.47,9,580.0,64.44,2023-07-18,2024-09-29,93,50.0,0.0,46.55,3.45,In-Store,22.22
2025,33,Female,Los Angeles,2022-12-22,740,2.36,0,0.0,0.0,,,,0.0,0.0,0.0,0.0,,0.0
2026,42,Male,San Antonio,2021-07-12,1268,1437.35,7,1195.0,170.71,2023-03-23,2024-12-19,12,6.28,0.0,93.72,0.0,In-Store,42.86
2027,31,Male,Phoenix,2021-06-20,1290,543.15,4,177.5,44.38,2023-08-22,2024-10-23,69,61.97,0.0,0.0,38.03,Online,75.0
2028,34,Female,Philadelphia,2021-10-31,1157,1362.36,7,1090.0,155.71,2023-05-16,2024-10-11,81,0.0,30.28,69.72,0.0,Online,57.14
2029,31,Male,Miami,2022-01-30,1066,422.97,5,245.5,49.1,2023-04-27,2024-06-29,185,69.25,14.26,0.0,16.5,Online,80.0
2030,26,Female,Los Angeles,2023-11-22,405,67.5,2,67.5,33.75,2023-12-04,2024-01-07,359,0.0,0.0,0.0,100.0,Online,100.0
2031,47,Female,San Diego,2023-08-11,508,175.5,4,175.5,43.88,2023-12-18,2024-11-12,49,42.74,0.0,0.0,57.26,Online,75.0
2032,35,Male,San Diego,2022-11-26,766,201.95,1,180.0,180.0,2023-06-01,2023-06-01,579,0.0,0.0,100.0,0.0,In-Store,0.0
2033,49,Male,New York,2021-03-16,1386,2123.1,14,1697.5,121.25,2023-03-23,2024-12-14,17,42.12,12.96,42.42,2.5,In-Store,14.29
2034,18,Female,Chicago,2024-03-26,280,108.0,2,108.0,54.0,2024-06-06,2024-08-01,152,83.33,0.0,0.0,16.67,Online,50.0
2035,20,Male,San Diego,2024-01-05,361,0.0,0,0.0,0.0,,,,0.0,0.0,0.0,0.0,,0.0
2036,21,Female,San Antonio,2022-11-12,780,977.66,16,967.5,60.47,2023-02-25,2024-12-02,29,36.69,47.03,0.0,16.28,Online,100.0
2037,59,Male,Philadelphia,2021-10-17,1171,1048.75,13,855.0,65.77,2023-02-19,2024-12-04,27,21.05,43.86,31.58,3.51,In-Store,23.08
2038,24,Female,Philadelphia,2022-12-03,759,301.98,6,291.0,48.5,2023-01-26,2023-04-21,620,56.7,30.93,0.0,12.37,Online,66.67
2039,23,Male,Phoenix,2024-04-30,245,0.0,0,0.0,0.0,,,,0.0,0.0,0.0,0.0,,0.0
2040,28,Male,Houston,2023-04-03,638,630.0,4,630.0,157.5,2023-06-26,2024-04-15,260,0.0,0.0,100.0,0.0,Online,75.0
2041,21,Female,Phoenix,2023-08-25,494,388.0,6,388.0,64.67,2023-09-17,2024-12-13,18,6.44,72.16,0.0,21.39,Online,100.0
2042,22,Female,Dallas,2022-03-23,1014,686.41,7,512.5,73.21,2023-03-14,2024-01-14,352,58.54,6.83,0.0,34.63,Online,100.0
2043,20,Female,Houston,2021-01-29,1432,714.94,3,245.0,81.67,2023-01-14,2023-02-16,684,65.31,34.69,0.0,0.0,Online,100.0
2044,18,Male,Miami,2021-05-25,1316,1177.07,18,1006.0,55.89,2023-01-01,2024-05-17,228,43.24,45.73,0.0,11.03,Online,88.89
2045,42,Female,Los Angeles,2022-01-19,1077,1103.76,6,940.0,156.67,2023-03-31,2024-11-05,56,0.0,0.0,100.0,0.0,In-Store,33.33
2046,47,Female,Chicago,2024-02-20,315,810.0,4,810.0,202.5,2024-03-17,2024-10-02,90,0.0,0.0,100.0,0.0,In-Store,50.0
2047,34,Male,Los Angeles,2023-06-12,568,870.0,4,870.0,217.5,2023-10-30,2024-10-29,63,0.0,0.0,100.0,0.0,In-Store,50.0
2048,20,Male,Phoenix,2021-08-30,1219,272.01,0,0.0,0.0,,,,0.0,0.0,0.0,0.0,,0.0
2049,23,Male,Phoenix,2022-07-21,894,1025.33,20,971.5,48.58,2023-03-25,2024-12-20,11,56.61,3.6,0.0,39.78,Online,80.0
2050,40,Male,San Diego,2023-06-12,568,655.0,7,655.0,93.57,2023-06-28,2024-12-22,9,52.67,0.0,47.33,0.0,In-Store,42.86
2051,34,Male,San Diego,2022-04-30,976,1598.96,7,1400.0,200.0,2023-02-17,2024-06-16,198,0.0,0.0,100.0,0.0,In-Store,28.57
2052,25,Male,Houston,2021-11-02,1155,1056.43,15,977.5,65.17,2023-01-02,2024-12-28,3,34.27,44.5,0.0,21.23,Online,86.67
2053,42,Female,San Diego,2022-06-06,939,131.34,0,0.0,0.0,,,,0.0,0.0,0.0,0.0,,0.0
2054,37,Male,Phoenix,2023-06-07,573,1245.0,9,1245.0,138.33,2023-08-16,2024-06-14,200,2.01,0.0,97.99,0.0,Online,66.67
2055,40,Female,Chicago,2023-10-25,433,150.0,3,150.0,50.0,2023-12-09,2024-04-09,266,73.33,0.0,0.0,26.67,Online,100.0
2056,27,Female,Houston,2021-09-26,1192,344.8,0,0.0,0.0,,,,0.0,0.0,0.0,0.0,,0.0
2057,34,Female,Dallas,2024-01-05,361,0.0,0,0.0,0.0,,,,0.0,0.0,0.0,0.0,,0.0
2058,40,Male,Houston,2024-05-17,228,435.0,5,435.0,87.0,2024-08-04,2024-12-29,2,35.63,50.57,0.0,13.79,In-Store,40.0
2059,44,Female,Miami,2022-06-17,928,1895.63,9,1860.0,206.67,2023-01-21,2024-12-25,6,0.0,0.0,100.0,0.0,Online,66.67
2060,31,Female,San Antonio,2023-03-10,662,0.0,0,0.0,0.0,,,,0.0,0.0,0.0,0.0,,0.0
2061,38,Male,Chicago,2021-03-15,1387,1213.1,4,710.0,177.5,2023-05-01,2024-06-24,190,0.0,0.0,100.0,0.0,In-Store,25.0
2062,30,Female,San Antonio,2022-10-29,794,57.67,2,45.0,22.5,2023-01-11,2023-12-22,375,66.67,0.0,0.0,33.33,In-Store,50.0
2063,32,Female,Philadelphia,2022-10-13,810,45.55,0,0.0,0.0,,,,0.0,0.0,0.0,0.0,,0.0
2064,40,Female,Miami,2022-09-03,850,188.55,1,150.0,150.0,2023-03-24,2023-03-24,648,0.0,0.0,100.0,0.0,Online,100.0
2065,49,Female,Philadelphia,2023-12-03,394,40.0,1,40.0,40.0,2023-12-20,2023-12-20,377,100.0,0.0,0.0,0.0,In-Store,0.0
2066,23,Female,Miami,2022-10-13,810,59.36,1,15.0,15.0,2023-04-27,2023-04-27,614,0.0,0.0,0.0,100.0,In-Store,0.0
2067,37,Male,San Diego,2022-12-13,749,196.42,2,185.0,92.5,2023-03-09,2023-04-04,637,35.14,0.0,0.0,64.86,In-Store,0.0
2068,37,Female,San Diego,2022-01-22,1074,1344.45,5,1060.0,212.0,2023-04-27,2024-07-15,169,0.0,0.0,100.0,0.0,In-Store,20.0
2069,18,Male,Chicago,2023-11-18,409,1065.0,12,1065.0,88.75,2023-11-22,2024-08-25,128,58.22,30.05,0.0,11.74,Online,100.0
2070,24,Male,San Antonio,2023-01-13,718,1043.0,17,1043.0,61.35,2023-03-15,2024-12-10,21,51.29,23.97,0.0,24.74,Online,88.24
2071,32,Female,Miami,2022-08-31,853,1827.81,11,1777.5,161.59,2023-04-17,2024-12-23,8,3.66,0.0,95.08,1.27,In-Store,27.27
2072,20,Female,Chicago,2022-02-12,1053,811.76,11,576.5,52.41,2023-04-22,2024-11-04,57,37.29,0.0,0.0,62.71,Online,90.91
2073,56,Female,New York,2023-04-29,612,370.0,5,370.0,74.0,2023-09-08,2024-07-22,162,21.62,37.84,40.54,0.0,In-Store,0.0
2074,21,Female,San Antonio,2022-08-20,864,1390.54,21,1284.0,61.14,2023-01-17,2024-12-24,7,38.94,28.43,0.0,32.63,Online,80.95
2075,38,Female,Miami,2022-05-11,965,1509.09,9,1425.0,158.33,2023-01-16,2024-09-22,100,2.81,5.96,91.23,0.0,In-Store,22.22
2076,32,Male,Phoenix,2021-09-28,1190,237.15,1,85.0,85.0,2023-05-02,2023-05-02,609,0.0,100.0,0.0,0.0,In-Store,0.0
2077,39,Male,Miami,2022-12-11,751,897.89,4,890.0,222.5,2023-07-11,2024-02-28,307,0.0,0.0,100.0,0.0,In-Store,50.0
2078,21,Male,San Antonio,2022-04-11,995,110.29,1,30.0,30.0,2023-03-25,2023-03-25,647,0.0,0.0,0.0,100.0,Online,100.0
2079,34,Female,Phoenix,2023-09-07,481,330.0,2,330.0,165.0,2024-07-13,2024-11-17,44,0.0,0.0,100.0,0.0,In-Store,0.0
2080,22,Female,Miami,2023-04-28,613,315.0,6,315.0,52.5,2023-09-21,2024-11-10,51,15.87,9.52,0.0,74.6,Online,100.0
2081,24,Female,San Diego,2021-07-05,1275,472.59,3,92.5,30.83,2023-11-06,2024-07-11,173,43.24,0.0,0.0,56.76,Online,66.67
2082,24,Female,Chicago,2021-06-17,1293,569.88,7,395.0,56.43,2023-05-23,2024-02-10,325,13.92,68.35,0.0,17.72,Online,85.71
2083,41,Male,New York,2022-12-17,745,1062.15,7,1050.0,150.0,2023-02-17,2024-12-14,17,4.76,0.0,95.24,0.0,Online,57.14
2084,43,Female,Los Angeles,2023-09-16,472,760.0,4,760.0,190.0,2023-10-03,2024-12-21,10,0.0,0.0,100.0,0.0,In-Store,0.0
2085,21,Male,Phoenix,2021-03-18,1384,2595.33,31,2179.5,70.31,2023-01-04,2024-12-31,0,51.85,25.69,0.0,22.46,Online,70.97
2086,57,Male,Dallas,2023-09-11,477,765.0,8,765.0,95.62,2024-05-23,2024-12-24,7,21.57,0.0,75.82,2.61,In-Store,25.0
2087,42,Male,Dallas,2023-07-04,546,0.0,0,0.0,0.0,,,,0.0,0.0,0.0,0.0,,0.0
2088,26,Female,San Diego,2022-08-05,879,738.18,11,708.0,64.36,2023-01-04,2024-11-01,60,55.79,28.95,0.0,15.25,Online,72.73
2089,37,Male,Miami,2023-06-02,578,600.0,3,600.0,200.0,2023-06-21,2023-11-04,423,0.0,0.0,100.0,0.0,Online,66.67
2090,58,Male,San Antonio,2022-07-15,900,1516.18,15,1432.5,95.5,2023-04-04,2024-12-19,12,37.35,17.8,37.0,7.85,In-Store,26.67
2091,41,Female,Phoenix,2021-05-31,1310,1153.12,6,980.0,163.33,2023-03-18,2024-09-11,111,0.0,0.0,100.0,0.0,In-Store,50.0
2092,53,Female,Phoenix,2021-01-01,1460,1333.46,11,860.0,78.18,2023-10-17,2024-10-26,66,34.88,25.0,20.93,19.19,In-Store,27.27
2093,21,Male,Miami,2024-05-15,230,355.0,4,355.0,88.75,2024-06-04,2024-07-08,176,94.37,0.0,0.0,5.63,Online,75.0
2094,38,Female,Phoenix,2022-04-11,995,188.68,3,123.0,41.0,2023-04-04,2023-07-20,530,0.0,69.11,0.0,30.89,In-Store,33.33
2095,53,Male,Philadelphia,2021-07-08,1272,500.62,4,205.0,51.25,2023-05-25,2024-12-29,2,31.71,0.0,0.0,68.29,Online,100.0
2096,37,Female,Houston,2022-12-22,740,109.36,2,105.0,52.5,2023-12-22,2024-03-08,298,57.14,0.0,0.0,42.86,Online,50.0
2097,56,Male,Phoenix,2021-05-03,1338,1703.37,19,1428.0,75.16,2023-03-10,2024-12-31,0,38.17,38.52,18.91,4.41,In-Store,21.05
2098,42,Female,Phoenix,2024-06-09,205,150.0,1,150.0,150.0,2024-07-24,2024-07-24,160,0.0,0.0,100.0,0.0,In-Store,0.0
2099,57,Female,Dallas,2024-03-03,303,1180.0,8,1180.0,147.5,2024-03-14,2024-12-05,26,24.58,24.58,50.85,0.0,In-Store,0.0
2100,40,Male,Miami,2023-01-29,702,120.0,1,120.0,120.0,2024-12-20,2024-12-20,11,0.0,0.0,100.0,0.0,In-Store,0.0
2101,41,Female,Phoenix,2021-06-14,1296,3671.59,18,3480.0,193.33,2023-01-29,2024-12-06,25,0.0,0.0,100.0,0.0,In-Store,44.44
2102,26,Male,Dallas,2022-05-14,962,969.31,13,930.0,71.54,2023-01-23,2024-09-29,93,48.92,35.48,0.0,15.59,Online,84.62
2103,46,Male,Miami,2023-09-13,475,110.0,1,110.0,110.0,2024-08-14,2024-08-14,139,100.0,0.0,0.0,0.0,In-Store,0.0
2104,42,Male,Los Angeles,2022-05-14,962,566.0,3,470.0,156.67,2023-05-07,2024-09-23,99,0.0,23.4,76.6,0.0,Online,66.67
2105,23,Male,Los Angeles,2021-02-22,1408,945.99,10,478.0,47.8,2023-01-17,2024-01-18,348,23.01,6.28,0.0,70.71,Online,80.0
2106,55,Male,Houston,2023-07-17,533,165.0,3,165.0,55.0,2023-11-03,2024-12-29,2,78.79,21.21,0.0,0.0,In-Store,33.33
2107,48,Male,San Diego,2022-09-05,848,89.53,1,30.0,30.0,2023-03-31,2023-03-31,641,100.0,0.0,0.0,0.0,In-Store,0.0
2108,25,Male,New York,2022-05-04,972,681.65,12,587.0,48.92,2023-02-20,2024-12-24,7,52.81,11.07,0.0,36.12,Online,75.0
2109,21,Female,New York,2022-04-01,1005,710.45,12,646.0,53.83,2023-01-02,2024-10-25,67,70.43,5.42,0.0,24.15,Online,91.67
2110,45,Female,San Antonio,2021-02-14,1416,1675.53,16,1285.0,80.31,2023-04-24,2024-12-20,11,40.86,17.9,39.69,1.56,In-Store,6.25
2111,36,Female,Phoenix,2024-06-28,186,360.0,1,360.0,360.0,2024-12-12,2024-12-12,19,0.0,0.0,100.0,0.0,In-Store,0.0
2112,51,Female,Philadelphia,2023-12-08,389,525.0,7,525.0,75.0,2024-02-18,2024-12-13,18,64.76,6.67,24.76,3.81,In-Store,28.57
2113,53,Male,Dallas,2023-01-22,709,810.0,9,810.0,90.0,2023-03-21,2024-12-03,28,13.58,24.07,53.09,9.26,In-Store,0.0
2114,24,Male,Dallas,2023-03-10,662,170.0,4,170.0,42.5,2023-03-15,2023-12-28,369,100.0,0.0,0.0,0.0,In-Store,50.0
2115,21,Male,San Diego,2021-04-30,1341,1340.37,17,1020.0,60.0,2023-03-03,2024-11-29,32,68.14,15.69,0.0,16.18,Online,76.47
2116,36,Female,Dallas,2021-01-02,1459,166.13,0,0.0,0.0,,,,0.0,0.0,0.0,0.0,,0.0
2117,55,Male,Dallas,2023-04-19,622,1370.0,13,1370.0,105.38,2023-04-20,2024-12-31,0,15.33,16.42,57.66,10.58,In-Store,7.69
2118,51,Male,Los Angeles,2022-11-15,777,83.62,2,75.0,37.5,2023-05-29,2024-04-13,262,40.0,0.0,0.0,60.0,In-Store,50.0
2119,60,Female,Los Angeles,2021-04-22,1349,310.94,0,0.0,0.0,,,,0.0,0.0,0.0,0.0,,0.0
2120,58,Female,Phoenix,2022-07-03,912,426.33,5,340.0,68.0,2023-04-03,2024-12-25,6,57.35,42.65,0.0,0.0,In-Store,20.0
2121,41,Female,Chicago,2022-05-05,971,1209.58,7,1010.0,144.29,2023-01-21,2024-11-17,44,0.0,0.0,100.0,0.0,Online,71.43
2122,23,Male,San Antonio,2022-08-15,869,449.56,9,391.0,43.44,2023-02-27,2024-12-22,9,74.17,0.0,0.0,25.83,Online,88.89
2123,55,Female,Miami,2024-06-28,186,390.0,2,390.0,195.0,2024-12-25,2024-12-27,4,0.0,0.0,100.0,0.0,In-Store,50.0
2124,52,Female,Dallas,2022-02-07,1058,498.46,5,427.5,85.5,2023-01-31,2023-09-17,471,0.0,59.65,35.09,5.26,In-Store,20.0
2125,33,Female,San Diego,2023-12-11,386,33.0,2,33.0,16.5,2024-08-15,2024-12-09,22,0.0,0.0,0.0,100.0,Online,100.0
2126,51,Female,Philadelphia,2021-01-12,1449,805.49,3,270.0,90.0,2023-02-04,2023-02-17,683,11.11,22.22,66.67,0.0,In-Store,33.33
2127,51,Female,Chicago,2021-02-03,1427,381.66,5,225.0,45.0,2023-03-07,2024-11-05,56,80.0,0.0,0.0,20.0,In-Store,0.0
2128,19,Male,Chicago,2022-06-21,924,973.11,17,893.0,52.53,2023-03-28,2024-12-02,29,81.19,3.36,0.0,15.45,Online,94.12
2129,43,Male,Dallas,2021-04-29,1342,772.54,3,370.0,123.33,2023-10-28,2024-11-06,55,35.14,16.22,48.65,0.0,In-Store,0.0
2130,28,Female,Houston,2023-11-01,426,105.0,2,105.0,52.5,2024-06-24,2024-07-24,160,0.0,0.0,0.0,100.0,Online,100.0
2131,40,Female,Houston,2022-10-22,801,869.39,8,823.0,102.88,2023-01-20,2024-08-30,123,49.21,0.0,48.6,2.19,In-Store,25.0
2132,50,Female,San Diego,2022-10-17,806,570.92,6,545.0,90.83,2023-01-30,2024-02-23,312,17.43,20.18,51.38,11.01,In-Store,0.0
2133,37,Female,Dallas,2021-08-01,1248,917.05,3,490.0,163.33,2023-01-06,2024-12-18,13,0.0,0.0,100.0,0.0,Online,100.0
2134,31,Male,Chicago,2021-10-04,1184,304.6,3,90.0,30.0,2023-10-15,2024-12-11,20,27.78,0.0,0.0,72.22,Online,66.67
2135,21,Female,New York,2024-06-23,191,42.5,2,42.5,21.25,2024-06-29,2024-08-03,150,0.0,0.0,0.0,100.0,Online,50.0
2136,29,Female,Miami,2024-04-10,265,0.0,0,0.0,0.0,,,,0.0,0.0,0.0,0.0,,0.0
2137,32,Male,Philadelphia,2023-10-08,450,1390.0,8,1390.0,173.75,2023-10-20,2024-12-17,14,5.76,0.0,94.24,0.0,In-Store,50.0
2138,59,Male,Phoenix,2023-04-10,631,1980.0,18,1980.0,110.0,2023-05-27,2024-12-01,30,26.77,25.51,43.43,4.29,In-Store,5.56
2139,23,Female,San Antonio,2023-01-06,725,90.0,2,90.0,45.0,2023-01-18,2023-05-04,607,83.33,0.0,0.0,16.67,Online,50.0
2140,29,Male,San Antonio,2022-11-06,786,82.35,1,60.0,60.0,2023-02-19,2023-02-19,681,0.0,0.0,0.0,100.0,In-Store,0.0
2141,38,Male,Los Angeles,2022-11-16,776,344.81,2,330.0,165.0,2023-08-28,2024-11-29,32,0.0,0.0,100.0,0.0,In-Store,0.0
2142,45,Female,San Antonio,2022-12-06,756,79.25,2,60.0,30.0,2023-07-21,2024-01-29,337,50.0,0.0,0.0,50.0,Online,100.0
2143,19,Female,Los Angeles,2023-08-16,503,0.0,0,0.0,0.0,,,,0.0,0.0,0.0,0.0,,0.0
2144,37,Female,Chicago,2024-06-22,192,0.0,0,0.0,0.0,,,,0.0,0.0,0.0,0.0,,0.0
2145,46,Male,Houston,2021-09-09,1209,1257.17,12,930.0,77.5,2023-05-01,2024-11-27,34,58.6,21.51,12.9,6.99,In-Store,16.67
2146,24,Male,San Antonio,2024-04-28,247,115.0,3,115.0,38.33,2024-09-06,2024-11-08,53,86.96,0.0,0.0,13.04,Online,100.0
2147,24,Male,Chicago,2021-08-24,1225,975.78,10,573.0,57.3,2023-05-03,2024-07-11,173,56.72,20.94,0.0,22.34,Online,80.0
2148,33,Male,Houston,2023-12-15,382,480.0,3,480.0,160.0,2024-10-29,2024-12-16,15,0.0,0.0,100.0,0.0,Online,66.67
2149,22,Male,Dallas,2023-02-22,678,118.0,3,118.0,39.33,2023-03-15,2023-05-05,606,84.75,0.0,0.0,15.25,Online,66.67
2150,37,Female,San Antonio,2024-03-10,296,136.0,3,136.0,45.33,2024-08-29,2024-10-28,64,0.0,62.5,0.0,37.5,Online,66.67
2151,34,Male,Los Angeles,2024-01-27,339,510.0,3,510.0,170.0,2024-07-22,2024-11-24,37,0.0,0.0,100.0,0.0,In-Store,33.33
2152,48,Male,Philadelphia,2022-10-17,806,659.51,7,617.5,88.21,2023-01-26,2024-12-08,23,46.15,0.0,50.2,3.64,In-Store,14.29
2153,26,Female,Miami,2023-06-15,565,639.0,10,639.0,63.9,2024-03-21,2024-12-25,6,71.21,14.08,0.0,14.71,Online,80.0
2154,63,Male,Dallas,2021-07-06,1274,952.53,5,800.0,160.0,2023-04-01,2023-11-03,424,21.88,10.62,67.5,0.0,Online,60.0
2155,19,Female,Chicago,2023-01-02,729,545.0,9,545.0,60.56,2023-05-27,2024-12-28,3,84.4,0.0,0.0,15.6,Online,77.78
2156,22,Female,Chicago,2021-05-26,1315,607.35,2,345.0,172.5,2023-01-24,2023-06-15,565,100.0,0.0,0.0,0.0,Online,50.0
2157,49,Female,San Antonio,2022-04-03,1003,306.1,4,210.0,52.5,2023-02-11,2024-01-21,345,57.14,0.0,0.0,42.86,In-Store,25.0
2158,41,Female,New York,2024-01-03,363,1230.0,5,1230.0,246.0,2024-03-28,2024-12-21,10,0.0,0.0,100.0,0.0,In-Store,20.0
2159,47,Male,Miami,2022-05-13,963,216.08,1,22.5,22.5,2023-11-29,2023-11-29,398,0.0,0.0,0.0,100.0,Online,100.0
2160,53,Female,San Antonio,2021-08-14,1235,1073.38,5,780.0,156.0,2023-02-12,2024-02-16,319,5.13,28.21,66.67,0.0,In-Store,40.0
2161,33,Male,Philadelphia,2022-09-13,840,2300.97,15,2282.5,152.17,2023-03-28,2024-09-16,106,0.0,0.0,99.01,0.99,In-Store,40.0
2162,37,Female,Houston,2021-11-16,1141,1772.8,7,1460.0,208.57,2023-02-07,2024-12-14,17,0.0,7.53,92.47,0.0,In-Store,42.86
2163,35,Male,Miami,2021-06-07,1303,1468.47,6,1065.0,177.5,2023-05-16,2024-10-27,65,0.0,0.0,95.77,4.23,In-Store,33.33
2164,45,Female,Philadelphia,2022-12-31,731,595.46,4,595.0,148.75,2023-03-03,2024-07-20,164,6.72,5.88,87.39,0.0,In-Store,25.0
2165,25,Female,Miami,2024-06-05,209,90.0,1,90.0,90.0,2024-07-15,2024-07-15,169,0.0,0.0,0.0,100.0,Online,100.0
2166,29,Female,Los Angeles,2022-12-22,740,233.29,2,230.0,115.0,2023-05-04,2024-05-26,219,47.83,0.0,0.0,52.17,Online,100.0
2167,25,Female,Phoenix,2022-09-25,828,622.02,10,544.0,54.4,2023-01-04,2023-12-22,375,68.01,22.06,0.0,9.93,Online,90.0
2168,40,Male,Phoenix,2022-02-06,1059,1137.8,10,1070.0,107.0,2023-02-16,2024-12-15,16,23.36,0.0,76.64,0.0,In-Store,30.0
2169,39,Male,San Antonio,2021-06-12,1298,603.65,2,265.0,132.5,2023-03-06,2023-08-13,506,0.0,32.08,67.92,0.0,In-Store,50.0
2170,55,Male,Miami,2023-05-25,586,655.0,5,655.0,131.0,2023-06-08,2024-12-27,4,16.03,0.0,83.97,0.0,In-Store,0.0
2171,22,Male,San Diego,2022-12-29,733,273.34,5,271.0,54.2,2023-07-22,2024-02-08,327,86.72,0.0,0.0,13.28,Online,100.0
2172,40,Female,Houston,2021-05-15,1326,488.12,6,295.0,49.17,2023-01-21,2024-12-10,21,42.37,38.98,0.0,18.64,Online,50.0
2173,37,Female,Chicago,2021-09-15,1203,3487.7,19,3290.0,173.16,2023-01-08,2024-11-09,52,0.0,3.34,96.05,0.61,Online,57.89
2174,51,Male,Philadelphia,2023-07-28,522,223.0,4,223.0,55.75,2023-08-10,2024-12-07,24,33.63,0.0,58.3,8.07,In-Store,25.0
2175,23,Male,Philadelphia,2021-06-01,1309,1027.28,13,660.0,50.77,2023-03-24,2024-03-17,289,76.52,5.3,0.0,18.18,Online,69.23
2176,39,Male,San Diego,2023-05-29,582,1170.0,6,1170.0,195.0,2023-07-31,2024-09-29,93,0.0,0.0,100.0,0.0,In-Store,33.33
2177,70,Female,Chicago,2022-04-20,986,1151.07,13,1077.5,82.88,2023-02-04,2024-10-21,71,71.0,2.78,24.13,2.09,In-Store,15.38
2178,54,Female,New York,2022-07-12,903,476.89,7,400.0,57.14,2023-07-12,2024-09-05,117,100.0,0.0,0.0,0.0,In-Store,14.29
2179,41,Female,Miami,2023-12-22,375,0.0,0,0.0,0.0,,,,0.0,0.0,0.0,0.0,,0.0
2180,21,Male,Phoenix,2022-11-08,784,469.36,11,453.5,41.23,2023-02-27,2024-12-08,23,67.25,0.0,0.0,32.75,Online,81.82
2181,43,Female,Chicago,2021-10-25,1163,927.06,5,695.0,139.0,2023-05-14,2024-08-09,144,0.0,12.23,87.77,0.0,Online,60.0
2182,50,Female,San Diego,2024-01-29,337,765.0,6,765.0,127.5,2024-06-06,2024-12-22,9,29.41,3.92,66.67,0.0,In-Store,0.0
2183,47,Female,Los Angeles,2021-12-06,1121,1029.13,9,870.0,96.67,2023-01-19,2023-11-16,411,26.44,25.29,48.28,0.0,In-Store,0.0
2184,52,Male,Houston,2023-07-15,535,285.0,4,285.0,71.25,2023-12-10,2024-11-13,48,45.61,49.12,0.0,5.26,In-Store,0.0
2185,40,Female,San Diego,2022-03-26,1011,817.03,4,690.0,172.5,2023-01-01,2023-11-07,420,0.0,0.0,100.0,0.0,In-Store,50.0
2186,38,Female,San Diego,2023-01-23,708,121.0,3,121.0,40.33,2023-06-21,2024-01-01,365,0.0,70.25,0.0,29.75,Online,66.67
2187,27,Female,Chicago,2024-05-11,234,366.0,7,366.0,52.29,2024-05-30,2024-12-12,19,35.52,54.64,0.0,9.84,Online,85.71
2188,40,Female,Miami,2021-03-03,1399,1550.49,9,1375.0,152.78,2023-01-14,2024-12-13,18,5.45,0.0,94.55,0.0,Online,77.78
2189,41,Female,San Diego,2023-01-31,700,3020.0,15,3020.0,201.33,2023-02-26,2024-11-25,36,0.0,0.0,100.0,0.0,In-Store,40.0
2190,51,Female,San Diego,2022-10-25,798,13.01,0,0.0,0.0,,,,0.0,0.0,0.0,0.0,,0.0
2191,25,Female,San Diego,2022-10-09,814,79.12,1,35.0,35.0,2023-04-10,2023-04-10,631,0.0,100.0,0.0,0.0,Online,100.0
2192,24,Female,Los Angeles,2023-03-29,643,1563.5,24,1563.5,65.15,2023-07-17,2024-06-05,209,47.65,25.26,0.0,27.09,Online,95.83
2193,55,Female,Miami,2023-02-23,677,930.0,7,930.0,132.86,2023-04-22,2024-08-18,135,25.27,3.76,70.97,0.0,In-Store,28.57
2194,40,Male,New York,2022-03-28,1009,541.49,6,455.0,75.83,2023-03-03,2024-02-17,318,59.34,7.69,32.97,0.0,In-Store,16.67
2195,42,Male,Houston,2021-11-19,1138,622.32,3,510.0,170.0,2023-01-19,2023-07-16,534,0.0,0.0,100.0,0.0,In-Store,33.33
2196,51,Female,Phoenix,2024-05-20,225,520.0,5,520.0,104.0,2024-06-03,2024-12-02,29,42.31,32.69,25.0,0.0,In-Store,20.0
2197,25,Male,Philadelphia,2021-10-18,1170,268.28,2,95.0,47.5,2024-07-21,2024-10-15,77,68.42,0.0,0.0,31.58,Online,100.0
2198,33,Female,Dallas,2022-08-30,854,209.78,5,167.0,33.4,2023-05-20,2023-12-27,370,35.93,20.96,0.0,43.11,Online,60.0
2199,26,Male,San Antonio,2021-03-16,1386,327.53,1,110.0,110.0,2024-07-26,2024-07-26,158,0.0,100.0,0.0,0.0,In-Store,0.0
2200,42,Male,New York,2021-06-07,1303,582.86,3,470.0,156.67,2023-06-17,2024-09-01,121,0.0,23.4,76.6,0.0,Online,100.0
2201,51,Male,Dallas,2023-10-31,427,445.0,3,445.0,148.33,2024-03-16,2024-07-05,179,0.0,19.1,80.9,0.0,In-Store,0.0
2202,40,Female,New York,2022-05-05,971,964.76,7,860.0,122.86,2023-03-15,2024-11-30,31,19.77,3.49,76.74,0.0,Online,57.14
2203,27,Male,Dallas,2024-01-13,353,455.0,7,455.0,65.0,2024-01-24,2024-12-31,0,64.84,15.38,0.0,19.78,Online,100.0
2204,47,Male,Miami,2021-09-21,1197,1144.38,10,872.0,87.2,2023-05-12,2024-12-09,22,30.39,0.0,56.19,13.42,In-Store,20.0
2205,42,Male,Dallas,2023-10-14,444,380.0,3,380.0,126.67,2023-12-31,2024-04-28,247,0.0,28.95,71.05,0.0,Online,66.67
2206,29,Female,Miami,2021-04-11,1360,393.32,4,258.0,64.5,2023-07-07,2024-12-04,27,29.07,40.7,0.0,30.23,Online,75.0
2207,53,Female,Phoenix,2023-10-28,430,376.0,5,376.0,75.2,2023-11-30,2024-12-19,12,58.51,0.0,31.91,9.57,In-Store,20.0
2208,35,Female,Dallas,2022-04-25,981,179.6,2,125.0,62.5,2023-06-17,2023-12-23,374,0.0,88.0,0.0,12.0,Online,50.0
2209,34,Male,San Diego,2021-09-15,1203,2151.23,11,1770.0,160.91,2023-02-17,2024-11-02,59,1.69,0.0,98.31,0.0,In-Store,36.36
2210,42,Female,Chicago,2023-03-31,641,18.0,1,18.0,18.0,2023-04-21,2023-04-21,620,0.0,0.0,0.0,100.0,In-Store,0.0
2211,39,Male,Philadelphia,2021-06-01,1309,282.11,0,0.0,0.0,,,,0.0,0.0,0.0,0.0,,0.0
2212,30,Male,San Antonio,2022-03-13,1024,1053.08,17,840.0,49.41,2023-02-09,2024-12-10,21,25.0,42.86,0.0,32.14,Online,82.35
2213,62,Female,Los Angeles,2022-05-16,960,649.13,5,520.0,104.0,2023-01-20,2024-06-10,204,48.08,0.0,51.92,0.0,In-Store,0.0
2214,47,Female,Phoenix,2023-11-16,411,1375.0,10,1375.0,137.5,2023-11-24,2024-12-01,30,32.36,0.0,67.64,0.0,In-Store,30.0
2215,54,Female,Chicago,2021-03-26,1376,480.84,5,355.0,71.0,2023-09-17,2024-12-12,19,87.32,0.0,0.0,12.68,In-Store,20.0
2216,49,Male,Chicago,2021-03-30,1372,142.32,1,25.0,25.0,2023-06-29,2023-06-29,551,100.0,0.0,0.0,0.0,Online,100.0
2217,31,Female,San Diego,2022-07-31,884,1421.59,9,1385.0,153.89,2023-02-25,2024-12-31,0,0.0,6.14,93.86,0.0,In-Store,44.44
2218,34,Male,Los Angeles,2021-04-07,1364,487.79,4,113.0,28.25,2023-03-23,2024-08-02,151,44.25,0.0,0.0,55.75,Online,75.0
2219,37,Female,Los Angeles,2022-10-08,815,279.29,5,227.5,45.5,2023-04-20,2024-12-02,29,0.0,0.0,52.75,47.25,Online,80.0
2220,59,Male,Phoenix,2023-09-29,459,850.0,11,850.0,77.27,2023-10-19,2024-11-22,39,60.59,20.0,14.12,5.29,In-Store,9.09
2221,19,Female,New York,2021-07-31,1249,384.72,2,85.0,42.5,2023-06-27,2023-11-13,414,64.71,0.0,0.0,35.29,Online,100.0
2222,42,Male,Dallas,2022-01-17,1079,1572.97,8,1370.0,171.25,2023-12-23,2024-12-28,3,0.0,0.0,100.0,0.0,Online,50.0
2223,43,Female,Los Angeles,2022-01-08,1088,3123.06,14,2930.0,209.29,2023-01-31,2024-10-26,66,0.0,3.75,96.25,0.0,Online,71.43
2224,18,Female,Miami,2022-01-03,1093,343.74,4,230.5,57.62,2023-03-06,2024-05-10,235,0.0,73.75,0.0,26.25,Online,75.0
2225,18,Male,Dallas,2022-07-05,910,140.46,2,75.0,37.5,2023-06-18,2023-09-01,487,0.0,40.0,0.0,60.0,Online,50.0
2226,22,Male,Chicago,2021-10-21,1167,1409.93,16,1139.0,71.19,2023-04-10,2024-12-21,10,57.95,14.49,0.0,27.57,Online,87.5
2227,50,Male,Miami,2023-05-11,600,75.0,1,75.0,75.0,2023-08-22,2023-08-22,497,100.0,0.0,0.0,0.0,Online,100.0
2228,55,Male,Los Angeles,2023-03-06,666,2043.0,14,2043.0,145.93,2023-06-09,2024-12-26,5,14.68,1.71,82.72,0.88,In-Store,14.29
2229,30,Female,Miami,2024-01-29,337,100.0,2,100.0,50.0,2024-03-01,2024-04-04,271,40.0,0.0,0.0,60.0,In-Store,50.0
2230,36,Female,Philadelphia,2021-08-01,1248,524.23,3,405.0,135.0,2023-05-25,2024-03-14,292,18.52,0.0,81.48,0.0,Online,66.67
2231,19,Male,New York,2022-08-06,878,511.04,6,395.0,65.83,2023-04-19,2024-06-05,209,91.14,8.86,0.0,0.0,Online,66.67
2232,50,Female,San Diego,2023-01-12,719,1660.0,17,1660.0,97.65,2023-03-16,2024-10-28,64,30.72,13.55,53.01,2.71,In-Store,5.88
2233,28,Female,New York,2023-03-15,657,275.0,5,275.0,55.0,2023-09-11,2024-11-18,43,54.55,0.0,0.0,45.45,Online,60.0
2234,36,Female,San Antonio,2022-06-05,940,866.65,5,765.0,153.0,2023-01-08,2024-12-21,10,8.5,3.92,87.58,0.0,Online,100.0
2235,48,Male,Miami,2024-06-30,184,220.0,2,220.0,110.0,2024-08-18,2024-09-17,105,0.0,100.0,0.0,0.0,In-Store,0.0
2236,21,Male,Houston,2022-10-24,799,1071.23,15,1034.5,68.97,2023-01-05,2024-08-05,148,60.42,5.8,23.2,10.58,Online,80.0
2237,41,Female,Philadelphia,2022-06-05,940,636.99,3,540.0,180.0,2023-08-11,2024-11-21,40,0.0,0.0,100.0,0.0,In-Store,33.33
2238,49,Male,San Diego,2024-05-25,220,22.5,1,22.5,22.5,2024-11-22,2024-11-22,39,0.0,0.0,0.0,100.0,In-Store,0.0
2239,39,Male,Philadelphia,2024-02-02,333,360.0,2,360.0,180.0,2024-03-04,2024-07-31,153,0.0,0.0,100.0,0.0,In-Store,50.0
2240,63,Male,Los Angeles,2024-04-13,262,170.0,4,170.0,42.5,2024-06-21,2024-12-17,14,76.47,0.0,0.0,23.53,In-Store,0.0
2241,18,Male,San Diego,2023-12-16,381,25.0,1,25.0,25.0,2024-05-30,2024-05-30,215,100.0,0.0,0.0,0.0,Online,100.0
2242,36,Male,Los Angeles,2022-06-16,929,111.62,1,60.0,60.0,2023-05-31,2023-05-31,580,0.0,100.0,0.0,0.0,Online,100.0
2243,19,Female,Houston,2021-11-29,1128,375.13,6,273.0,45.5,2023-01-07,2024-10-11,81,0.0,38.46,0.0,61.54,Online,83.33
2244,34,Female,Los Angeles,2023-11-05,422,860.0,6,860.0,143.33,2023-12-07,2024-11-13,48,4.65,0.0,95.35,0.0,Online,66.67
2245,23,Female,Chicago,2021-07-05,1275,665.48,13,573.5,44.12,2023-02-08,2024-11-17,44,33.13,39.23,0.0,27.64,Online,76.92
2246,56,Female,Houston,2021-08-05,1244,797.58,6,570.0,95.0,2024-03-11,2024-11-15,46,62.28,11.4,26.32,0.0,In-Store,16.67
2247,51,Female,San Diego,2022-05-11,965,919.6,7,732.5,104.64,2023-01-20,2024-03-24,282,47.1,4.78,45.05,3.07,In-Store,28.57
2248,42,Male,Phoenix,2021-01-28,1433,1581.17,8,1400.0,175.0,2023-06-14,2024-12-31,0,0.0,0.0,100.0,0.0,In-Store,37.5
2249,34,Male,San Antonio,2022-05-15,961,71.7,0,0.0,0.0,,,,0.0,0.0,0.0,0.0,,0.0
2250,48,Male,New York,2021-08-14,1235,370.44,2,280.0,140.0,2023-05-01,2023-05-09,602,0.0,100.0,0.0,0.0,Online,100.0
2251,31,Male,Philadelphia,2023-07-24,526,790.0,5,790.0,158.0,2023-08-03,2024-12-27,4,0.0,0.0,100.0,0.0,Online,60.0
2252,62,Female,San Diego,2022-03-10,1027,1358.49,16,1178.0,73.62,2023-03-13,2024-12-11,20,56.88,0.0,39.05,4.07,In-Store,12.5
2253,18,Female,San Antonio,2021-08-01,1248,438.11,5,237.5,47.5,2023-06-28,2024-02-13,322,27.37,0.0,0.0,72.63,Online,60.0
2254,57,Female,Philadelphia,2023-12-28,369,820.0,9,820.0,91.11,2024-01-13,2024-12-25,6,35.37,24.39,40.24,0.0,In-Store,22.22
2255,43,Female,Philadelphia,2021-07-10,1270,2274.08,12,1925.0,160.42,2023-05-31,2024-12-25,6,3.9,0.0,96.1,0.0,Online,50.0
2256,23,Female,Chicago,2022-10-12,811,96.48,1,30.0,30.0,2023-09-13,2023-09-13,475,0.0,100.0,0.0,0.0,Online,100.0
2257,22,Female,Philadelphia,2021-01-31,1430,1377.67,18,898.0,49.89,2023-06-17,2024-12-29,2,46.77,33.41,0.0,19.82,Online,88.89
2258,38,Female,Miami,2021-03-15,1387,2177.07,11,1955.0,177.73,2023-03-01,2024-09-13,109,3.32,0.0,96.68,0.0,Online,54.55
2259,18,Female,New York,2023-07-25,525,0.0,0,0.0,0.0,,,,0.0,0.0,0.0,0.0,,0.0
2260,43,Female,Los Angeles,2024-06-17,197,310.0,2,310.0,155.0,2024-07-27,2024-10-25,67,0.0,0.0,100.0,0.0,In-Store,0.0
2261,53,Female,Philadelphia,2022-10-13,810,45.31,1,30.0,30.0,2023-12-29,2023-12-29,368,100.0,0.0,0.0,0.0,Online,100.0
2262,48,Male,Phoenix,2023-11-02,425,180.0,1,180.0,180.0,2023-12-29,2023-12-29,368,0.0,0.0,100.0,0.0,In-Store,0.0
2263,30,Male,San Diego,2021-01-05,1456,1283.55,5,990.0,198.0,2023-05-18,2024-11-21,40,0.0,0.0,100.0,0.0,In-Store,20.0
2264,31,Male,Chicago,2021-11-12,1145,311.18,1,50.0,50.0,2023-04-14,2023-04-14,627,100.0,0.0,0.0,0.0,In-Store,0.0
2265,41,Male,San Diego,2021-04-06,1365,1795.25,9,1280.0,142.22,2023-05-28,2024-09-17,105,5.86,6.64,87.5,0.0,Online,66.67
2266,41,Female,Philadelphia,2023-10-25,433,180.0,1,180.0,180.0,2024-08-24,2024-08-24,129,0.0,0.0,100.0,0.0,Online,100.0
2267,47,Male,Miami,2022-11-01,791,681.55,7,635.0,90.71,2023-03-02,2024-10-02,90,62.2,0.0,37.8,0.0,In-Store,14.29
2268,25,Male,New York,2024-04-09,266,300.0,7,300.0,42.86,2024-05-01,2024-12-15,16,50.0,0.0,0.0,50.0,Online,71.43
2269,42,Male,San Antonio,2024-03-28,278,850.0,5,850.0,170.0,2024-07-20,2024-12-30,1,0.0,0.0,100.0,0.0,Online,80.0
2270,57,Male,Los Angeles,2021-11-23,1134,1040.38,13,915.0,70.38,2023-01-06,2024-12-28,3,51.37,9.29,39.34,0.0,In-Store,30.77
2271,26,Male,Philadelphia,2021-09-27,1191,1458.75,20,1336.0,66.8,2023-02-12,2024-12-30,1,62.5,7.86,0.0,29.64,Online,90.0
2272,51,Male,San Antonio,2022-04-22,984,679.18,6,520.0,86.67,2023-05-06,2024-12-25,6,63.46,11.54,25.0,0.0,In-Store,16.67
2273,52,Female,San Antonio,2022-12-30,732,386.08,6,385.0,64.17,2023-10-05,2024-12-31,0,14.29,58.44,0.0,27.27,In-Store,16.67
2274,54,Female,Philadelphia,2021-05-10,1331,695.85,3,225.0,75.0,2023-05-27,2024-05-14,231,0.0,91.11,0.0,8.89,In-Store,33.33
2275,53,Male,San Diego,2021-09-28,1190,2105.77,18,1870.0,103.89,2023-03-17,2024-11-21,40,36.63,5.88,55.61,1.87,In-Store,16.67
2276,44,Male,Philadelphia,2024-05-22,223,240.0,3,240.0,80.0,2024-06-24,2024-11-19,42,12.5,0.0,75.0,12.5,In-Store,0.0
2277,28,Male,Philadelphia,2023-03-16,656,835.0,11,835.0,75.91,2023-07-21,2024-12-17,14,52.1,12.57,0.0,35.33,Online,100.0
2278,37,Male,Philadelphia,2022-01-26,1070,1754.01,11,1680.0,152.73,2023-02-08,2024-04-25,250,2.38,6.55,91.07,0.0,In-Store,45.45
2279,21,Female,Houston,2021-04-14,1357,1371.56,12,893.0,74.42,2023-04-15,2024-12-02,29,41.99,3.92,26.88,27.21,Online,91.67
2280,23,Male,Dallas,2021-08-13,1236,663.87,4,265.0,66.25,2023-01-12,2023-04-27,614,54.72,0.0,0.0,45.28,Online,100.0
2281,40,Male,Philadelphia,2022-08-20,864,91.31,0,0.0,0.0,,,,0.0,0.0,0.0,0.0,,0.0
2282,26,Male,Los Angeles,2021-10-23,1165,837.67,8,580.0,72.5,2023-01-13,2023-10-07,451,50.86,28.45,0.0,20.69,Online,100.0
2283,53,Male,Philadelphia,2023-10-25,433,990.0,11,990.0,90.0,2023-10-25,2024-02-17,318,12.12,51.01,26.26,10.61,In-Store,45.45
2284,32,Female,San Diego,2022-06-23,922,398.03,2,300.0,150.0,2023-05-29,2023-12-10,387,0.0,0.0,100.0,0.0,Online,50.0
2285,35,Male,San Antonio,2023-10-07,451,80.0,3,80.0,26.67,2023-10-27,2024-07-01,183,50.0,0.0,0.0,50.0,In-Store,33.33
2286,43,Female,Phoenix,2022-03-11,1026,1607.64,8,1400.0,175.0,2023-01-05,2024-12-06,25,0.0,0.0,100.0,0.0,Online,50.0
2287,23,Male,Phoenix,2024-01-14,352,530.0,12,530.0,44.17,2024-02-03,2024-12-31,0,59.43,12.26,0.0,28.3,Online,91.67
2288,39,Female,Chicago,2021-03-08,1394,728.62,3,420.0,140.0,2023-07-24,2023-11-02,425,0.0,0.0,100.0,0.0,Online,66.67
2289,45,Male,Los Angeles,2021-07-31,1249,2103.89,14,1835.0,131.07,2023-01-17,2024-12-29,2,23.98,8.45,64.31,3.27,In-Store,7.14
2290,44,Female,Los Angeles,2023-05-19,592,0.0,0,0.0,0.0,,,,0.0,0.0,0.0,0.0,,0.0
2291,19,Male,Philadelphia,2023-07-21,529,610.0,10,610.0,61.0,2023-09-09,2024-11-07,54,59.02,5.74,19.67,15.57,Online,80.0
2292,21,Female,Houston,2022-10-12,811,1228.23,25,1213.5,48.54,2023-02-01,2024-12-27,4,58.92,15.66,0.0,25.42,Online,96.0
2293,60,Female,Los Angeles,2021-05-26,1315,778.37,6,475.0,79.17,2023-02-12,2024-06-22,192,26.32,35.79,37.89,0.0,In-Store,0.0
2294,49,Male,Los Angeles,2021-10-01,1187,309.76,3,103.0,34.33,2024-08-02,2024-11-16,45,38.83,0.0,0.0,61.17,Online,66.67
2295,50,Female,Philadelphia,2021-08-11,1238,1431.62,8,1205.0,150.62,2023-01-23,2024-12-25,6,10.79,9.54,72.2,7.47,In-Store,25.0
2296,48,Male,Dallas,2021-11-30,1127,987.38,12,805.0,67.08,2023-04-28,2024-12-30,1,79.5,4.35,16.15,0.0,In-Store,8.33
2297,23,Female,Dallas,2021-05-17,1324,1889.78,29,1401.5,48.33,2023-05-02,2024-12-31,0,48.88,13.56,0.0,37.57,Online,89.66
2298,20,Male,Chicago,2021-07-27,1253,1747.52,32,1605.5,50.17,2023-01-24,2024-12-13,18,61.66,12.15,0.0,26.19,Online,81.25
2299,34,Male,Houston,2023-06-13,567,25.0,1,25.0,25.0,2023-12-20,2023-12-20,377,100.0,0.0,0.0,0.0,Online,100.0
2300,37,Female,San Diego,2024-01-08,358,180.0,1,180.0,180.0,2024-02-26,2024-02-26,309,0.0,0.0,100.0,0.0,Online,100.0
2301,27,Male,New York,2023-05-11,600,335.0,7,335.0,47.86,2023-08-31,2024-04-03,272,53.73,28.36,0.0,17.91,Online,85.71
2302,35,Male,San Diego,2023-01-24,707,0.0,0,0.0,0.0,,,,0.0,0.0,0.0,0.0,,0.0
2303,24,Male,Los Angeles,2021-09-22,1196,434.24,2,215.0,107.5,2023-08-25,2023-11-04,423,100.0,0.0,0.0,0.0,Online,100.0
2304,33,Male,Phoenix,2021-05-15,1326,188.05,0,0.0,0.0,,,,0.0,0.0,0.0,0.0,,0.0
2305,55,Female,New York,2021-03-18,1384,1871.08,15,1705.0,113.67,2023-04-14,2024-10-23,69,36.36,6.45,43.99,13.2,In-Store,13.33
2306,35,Male,Chicago,2023-07-12,538,1580.0,10,1580.0,158.0,2023-07-28,2024-12-07,24,0.0,6.96,93.04,0.0,In-Store,40.0
2307,52,Female,Dallas,2022-12-16,746,2469.79,22,2460.0,111.82,2023-01-02,2024-12-24,7,29.67,15.85,52.03,2.44,In-Store,22.73
2308,37,Female,Dallas,2024-03-07,299,63.0,2,63.0,31.5,2024-09-06,2024-11-06,55,0.0,0.0,0.0,100.0,Online,100.0
2309,38,Female,Miami,2023-11-21,406,990.0,6,990.0,165.0,2023-11-30,2024-12-18,13,0.0,0.0,100.0,0.0,In-Store,16.67
2310,26,Female,Dallas,2022-08-09,875,188.51,4,97.5,24.38,2023-05-08,2024-10-12,80,0.0,0.0,0.0,100.0,In-Store,25.0
2311,43,Female,Phoenix,2023-04-17,624,30.0,1,30.0,30.0,2023-05-15,2023-05-15,596,0.0,100.0,0.0,0.0,In-Store,0.0
2312,46,Female,San Antonio,2022-10-25,798,138.08,2,90.0,45.0,2023-03-17,2023-11-12,415,61.11,38.89,0.0,0.0,In-Store,50.0
2313,22,Male,Chicago,2021-10-13,1175,339.34,3,91.0,30.33,2023-11-23,2024-05-12,233,27.47,0.0,0.0,72.53,Online,100.0
2314,48,Male,Houston,2021-05-11,1330,1635.34,13,1140.0,87.69,2023-04-25,2024-12-04,27,25.44,12.28,62.28,0.0,In-Store,7.69
2315,53,Female,Dallas,2023-05-31,580,110.0,2,110.0,55.0,2023-08-26,2023-09-04,484,100.0,0.0,0.0,0.0,In-Store,0.0
2316,24,Female,Los Angeles,2022-01-02,1094,769.99,14,653.0,46.64,2023-01-05,2024-12-19,12,39.82,24.5,0.0,35.68,Online,92.86
2317,24,Female,Philadelphia,2022-09-23,830,69.85,0,0.0,0.0,,,,0.0,0.0,0.0,0.0,,0.0
2318,40,Male,Los Angeles,2022-03-07,1030,827.38,4,690.0,172.5,2023-05-16,2023-06-24,556,0.0,0.0,100.0,0.0,In-Store,25.0
2319,22,Female,San Antonio,2023-11-23,404,344.0,6,344.0,57.33,2023-11-23,2024-04-11,264,46.51,37.79,0.0,15.7,Online,100.0
2320,54,Female,Phoenix,2022-02-04,1061,1056.28,8,815.0,101.88,2023-03-02,2023-11-06,421,41.1,14.72,44.17,0.0,In-Store,12.5
2321,22,Female,Phoenix,2023-06-30,550,787.0,13,787.0,60.54,2023-09-13,2024-12-17,14,77.51,0.0,0.0,22.49,Online,100.0
2322,25,Female,Houston,2023-05-28,583,355.0,7,355.0,50.71,2023-06-12,2024-08-21,132,38.03,42.25,0.0,19.72,Online,100.0
2323,26,Male,Chicago,2023-09-16,472,0.0,0,0.0,0.0,,,,0.0,0.0,0.0,0.0,,0.0
2324,18,Female,Phoenix,2022-02-06,1059,1795.86,28,1710.5,61.09,2023-02-15,2024-12-23,8,58.46,22.8,0.0,18.74,Online,75.0
2325,18,Male,Miami,2023-06-29,551,835.0,13,835.0,64.23,2023-07-25,2024-12-11,20,58.68,30.54,0.0,10.78,Online,92.31
2326,32,Male,Miami,2023-07-26,524,325.0,2,325.0,162.5,2023-12-07,2023-12-12,385,20.0,0.0,80.0,0.0,In-Store,50.0
2327,21,Male,San Diego,2021-02-07,1423,824.69,6,335.0,55.83,2023-02-28,2023-11-04,423,0.0,62.69,0.0,37.31,Online,66.67
2328,33,Male,Miami,2022-09-12,841,2316.72,14,2280.0,162.86,2023-03-14,2024-12-30,1,0.0,0.0,100.0,0.0,Online,57.14
2329,22,Male,Los Angeles,2023-07-03,547,315.0,6,315.0,52.5,2023-09-04,2024-06-10,204,52.38,0.0,0.0,47.62,Online,100.0
2330,18,Female,Miami,2021-10-20,1168,385.85,2,70.0,35.0,2023-09-12,2024-02-16,319,35.71,0.0,0.0,64.29,Online,50.0
2331,37,Male,New York,2024-01-13,353,360.0,2,360.0,180.0,2024-12-06,2024-12-24,7,0.0,0.0,100.0,0.0,Online,50.0
2332,21,Male,San Antonio,2023-11-04,423,60.0,1,60.0,60.0,2023-12-11,2023-12-11,386,100.0,0.0,0.0,0.0,Online,100.0
2333,25,Female,Phoenix,2024-02-12,323,165.0,2,165.0,82.5,2024-04-28,2024-07-05,179,48.48,51.52,0.0,0.0,Online,50.0
2334,51,Male,Los Angeles,2021-12-14,1113,1707.2,11,1395.0,126.82,2023-02-24,2024-10-12,80,30.47,6.09,60.22,3.23,In-Store,9.09
2335,36,Female,Houston,2022-01-15,1081,270.69,1,45.0,45.0,2024-01-04,2024-01-04,362,0.0,0.0,0.0,100.0,Online,100.0
2336,49,Female,Los Angeles,2024-05-13,232,335.0,2,335.0,167.5,2024-10-31,2024-11-24,37,22.39,0.0,77.61,0.0,In-Store,0.0
2337,23,Male,New York,2023-08-21,498,1068.5,21,1068.5,50.88,2023-10-09,2024-12-21,10,12.63,39.31,0.0,48.06,Online,90.48
2338,42,Female,New York,2023-09-18,470,641.0,7,641.0,91.57,2023-11-12,2024-12-21,10,63.96,30.42,0.0,5.62,In-Store,14.29
2339,40,Male,San Diego,2024-02-24,311,105.0,2,105.0,52.5,2024-06-08,2024-06-19,195,57.14,0.0,0.0,42.86,In-Store,50.0
2340,27,Male,Los Angeles,2022-04-26,980,655.07,12,537.5,44.79,2023-01-20,2024-05-09,236,31.63,25.12,0.0,43.26,Online,75.0
2341,37,Female,Los Angeles,2021-02-26,1404,1315.71,7,807.5,115.36,2023-03-26,2024-11-04,57,0.0,4.33,92.88,2.79,In-Store,28.57
2342,21,Male,Los Angeles,2021-08-07,1242,1554.37,21,1176.5,56.02,2023-01-20,2024-12-21,10,41.65,24.22,10.2,23.93,Online,85.71
2343,20,Male,Chicago,2023-06-09,571,202.5,2,202.5,101.25,2023-06-10,2023-10-13,445,0.0,0.0,0.0,100.0,Online,100.0
2344,51,Male,New York,2021-12-18,1109,919.01,8,835.0,104.38,2023-01-31,2024-12-07,24,29.34,0.0,49.1,21.56,In-Store,50.0
2345,47,Female,Chicago,2024-02-18,317,190.0,3,190.0,63.33,2024-06-03,2024-11-25,36,100.0,0.0,0.0,0.0,In-Store,33.33
2346,22,Male,San Diego,2022-11-25,767,365.71,7,355.0,50.71,2023-01-06,2023-11-15,412,52.11,36.62,0.0,11.27,Online,71.43
2347,41,Female,New York,2024-03-02,304,0.0,0,0.0,0.0,,,,0.0,0.0,0.0,0.0,,0.0
2348,30,Male,Miami,2022-02-02,1063,337.72,6,255.0,42.5,2023-05-31,2024-08-16,137,11.76,13.73,50.98,23.53,In-Store,16.67
2349,28,Female,Houston,2022-02-24,1041,739.26,4,630.0,157.5,2023-04-17,2024-01-03,363,0.0,0.0,100.0,0.0,In-Store,25.0
2350,41,Male,Phoenix,2023-08-28,491,1195.0,7,1195.0,170.71,2023-10-21,2024-11-09,52,11.72,34.73,53.56,0.0,In-Store,14.29
2351,52,Male,New York,2021-05-03,1338,662.95,2,280.0,140.0,2023-04-29,2023-06-04,576,0.0,0.0,100.0,0.0,In-Store,50.0
2352,34,Male,Miami,2021-03-27,1375,1882.28,8,1475.0,184.38,2023-12-08,2024-12-01,30,4.41,0.0,95.59,0.0,In-Store,50.0
2353,24,Female,Dallas,2021-10-07,1181,150.8,2,40.0,20.0,2023-02-04,2023-08-16,503,62.5,0.0,0.0,37.5,Online,100.0
2354,43,Female,Philadelphia,2021-05-24,1317,443.3,0,0.0,0.0,,,,0.0,0.0,0.0,0.0,,0.0
2355,54,Male,New York,2021-03-10,1392,1701.51,8,1150.0,143.75,2023-05-04,2024-12-30,1,26.09,5.22,68.7,0.0,In-Store,12.5
2356,20,Female,Houston,2021-12-28,1099,653.16,8,566.0,70.75,2023-05-03,2024-07-12,172,36.22,53.89,0.0,9.89,Online,75.0
2357,26,Female,San Diego,2022-10-11,812,812.17,14,746.5,53.32,2023-04-18,2024-11-16,45,73.01,4.69,0.0,22.3,Online,92.86
2358,58,Female,Miami,2023-09-03,485,850.0,5,850.0,170.0,2024-03-09,2024-10-19,73,15.29,10.0,72.94,1.76,In-Store,20.0
2359,45,Female,San Diego,2022-08-17,867,848.77,5,820.0,164.0,2023-02-28,2024-12-26,5,0.0,0.0,100.0,0.0,In-Store,40.0
2360,64,Female,Houston,2022-11-14,778,638.52,9,610.0,67.78,2023-02-12,2024-08-04,149,41.8,50.82,0.0,7.38,In-Store,22.22
2361,19,Female,San Antonio,2023-02-27,673,749.0,12,749.0,62.42,2023-05-08,2024-12-14,17,36.72,22.03,0.0,41.26,Online,83.33
2362,25,Female,Phoenix,2023-10-09,449,436.0,6,436.0,72.67,2023-11-03,2024-10-27,65,34.4,16.06,0.0,49.54,Online,83.33
2363,20,Female,Philadelphia,2022-11-03,789,935.28,18,925.0,51.39,2023-02-18,2024-07-18,166,51.35,17.3,0.0,31.35,Online,83.33
2364,33,Female,San Antonio,2023-03-11,661,73.5,4,73.5,18.38,2023-07-27,2024-12-24,7,0.0,0.0,0.0,100.0,In-Store,25.0
2365,28,Male,Philadelphia,2021-11-25,1132,540.69,7,280.0,40.0,2023-01-20,2024-01-08,358,71.43,0.0,0.0,28.57,Online,71.43
2366,60,Female,Miami,2022-06-30,915,329.7,5,280.0,56.0,2023-04-27,2023-12-24,373,58.93,41.07,0.0,0.0,In-Store,0.0
2367,19,Female,San Diego,2021-06-02,1308,2031.41,26,1782.5,68.56,2023-02-12,2024-12-31,0,61.71,16.27,0.0,22.02,Online,80.77
2368,23,Female,Miami,2023-12-26,371,215.0,6,215.0,35.83,2023-12-26,2024-05-01,244,65.12,13.95,0.0,20.93,Online,66.67
2369,23,Male,Philadelphia,2022-03-04,1033,1024.27,13,797.5,61.35,2023-03-22,2024-09-28,94,48.9,27.59,0.0,23.51,Online,84.62
2370,18,Male,Dallas,2021-03-18,1384,1429.45,16,990.0,61.88,2023-06-24,2024-10-10,82,49.49,11.11,0.0,39.39,Online,87.5
2371,22,Female,San Diego,2023-02-16,684,467.5,15,467.5,31.17,2023-04-01,2024-11-13,48,47.06,26.74,0.0,26.2,Online,73.33
2372,21,Male,Los Angeles,2021-09-30,1188,230.21,0,0.0,0.0,,,,0.0,0.0,0.0,0.0,,0.0
2373,50,Female,Los Angeles,2021-05-11,1330,850.65,8,627.5,78.44,2023-01-17,2024-12-05,26,42.23,9.56,44.62,3.59,In-Store,0.0
2374,48,Female,San Diego,2021-06-29,1281,678.37,7,385.0,55.0,2023-01-02,2024-06-07,207,55.84,0.0,38.96,5.19,In-Store,14.29
2375,21,Male,New York,2023-12-22,375,405.0,9,405.0,45.0,2024-02-14,2024-10-31,61,46.91,8.64,0.0,44.44,Online,66.67
2376,41,Female,Philadelphia,2023-09-23,465,1020.0,10,1020.0,102.0,2023-11-05,2024-12-23,8,47.06,41.18,11.76,0.0,In-Store,20.0
2377,29,Female,Philadelphia,2023-07-12,538,130.0,1,130.0,130.0,2023-09-09,2023-09-09,479,0.0,0.0,100.0,0.0,In-Store,0.0
2378,61,Male,New York,2021-09-16,1202,919.68,8,645.0,80.62,2023-02-04,2024-12-12,19,37.21,14.73,48.06,0.0,In-Store,25.0
2379,54,Male,Dallas,2022-01-10,1086,555.32,4,355.0,88.75,2023-09-26,2024-07-10,174,76.06,23.94,0.0,0.0,In-Store,25.0
2380,69,Male,Los Angeles,2022-12-28,734,2396.59,17,2395.0,140.88,2023-11-03,2024-12-28,3,30.06,16.08,53.86,0.0,In-Store,5.88
2381,47,Female,New York,2023-07-09,541,600.0,6,600.0,100.0,2023-08-16,2024-07-12,172,18.33,0.0,71.67,10.0,Online,66.67
2382,45,Female,San Antonio,2024-03-02,304,185.0,3,185.0,61.67,2024-03-03,2024-06-06,208,100.0,0.0,0.0,0.0,In-Store,0.0
2383,33,Male,Houston,2021-10-23,1165,355.67,0,0.0,0.0,,,,0.0,0.0,0.0,0.0,,0.0
2384,40,Female,Houston,2023-12-21,376,0.0,0,0.0,0.0,,,,0.0,0.0,0.0,0.0,,0.0
2385,40,Female,Phoenix,2021-11-09,1148,333.62,2,87.5,43.75,2023-04-14,2023-06-27,553,74.29,0.0,0.0,25.71,Online,100.0
2386,35,Female,Houston,2023-11-02,425,180.0,3,180.0,60.0,2023-12-04,2024-02-22,313,83.33,0.0,0.0,16.67,Online,66.67
2387,40,Female,Phoenix,2023-04-11,630,20.0,1,20.0,20.0,2023-08-01,2023-08-01,518,0.0,0.0,0.0,100.0,In-Store,0.0
2388,47,Female,Los Angeles,2024-05-17,228,450.0,3,450.0,150.0,2024-08-30,2024-12-30,1,0.0,0.0,100.0,0.0,In-Store,33.33
2389,30,Female,Los Angeles,2022-10-16,807,1971.16,12,1935.0,161.25,2023-04-26,2024-12-07,24,3.36,0.0,96.64,0.0,Online,58.33
2390,26,Male,San Diego,2021-08-27,1222,274.01,4,185.0,46.25,2023-07-20,2024-04-19,256,51.35,0.0,0.0,48.65,Online,100.0
2391,50,Female,Dallas,2023-01-28,703,1628.0,10,1628.0,162.8,2023-09-05,2024-12-20,11,7.68,17.51,73.71,1.11,In-Store,20.0
2392,40,Female,Dallas,2021-01-22,1439,1939.07,14,1397.5,99.82,2023-01-03,2024-11-07,54,22.9,6.08,65.12,5.9,In-Store,7.14
2393,39,Male,Los Angeles,2022-05-08,968,1126.77,6,990.0,165.0,2023-08-13,2024-08-11,142,0.0,0.0,100.0,0.0,In-Store,33.33
2394,36,Male,Miami,2024-04-30,245,22.5,1,22.5,22.5,2024-06-30,2024-06-30,184,0.0,0.0,0.0,100.0,In-Store,0.0
2395,36,Male,Los Angeles,2022-07-05,910,1481.75,6,1340.0,223.33,2023-06-30,2024-11-07,54,0.0,0.0,100.0,0.0,In-Store,50.0
2396,19,Female,Houston,2022-05-12,964,843.76,9,685.0,76.11,2023-03-30,2024-11-26,35,75.91,10.22,0.0,13.87,Online,100.0
2397,28,Male,Chicago,2024-01-12,354,352.5,4,352.5,88.12,2024-07-26,2024-12-20,11,22.7,70.92,0.0,6.38,Online,75.0
2398,19,Male,San Antonio,2022-10-18,805,1392.21,23,1353.0,58.83,2023-01-21,2024-12-20,11,62.82,13.3,0.0,23.87,Online,95.65
2399,19,Male,Los Angeles,2022-10-20,803,452.5,4,428.0,107.0,2023-06-06,2024-06-03,211,0.0,85.28,0.0,14.72,Online,100.0
2400,24,Male,New York,2023-07-31,519,786.0,10,786.0,78.6,2023-08-18,2024-06-28,186,21.63,41.35,0.0,37.02,Online,100.0
2401,34,Male,Los Angeles,2022-08-07,877,900.12,5,840.0,168.0,2023-01-17,2024-07-29,155,0.0,0.0,100.0,0.0,In-Store,20.0
2402,41,Female,San Diego,2021-02-05,1425,477.3,0,0.0,0.0,,,,0.0,0.0,0.0,0.0,,0.0
2403,38,Female,San Antonio,2023-08-12,507,180.0,1,180.0,180.0,2023-09-23,2023-09-23,465,0.0,0.0,100.0,0.0,Online,100.0
2404,28,Male,Chicago,2022-05-31,945,513.83,9,435.0,48.33,2023-04-24,2024-06-27,187,74.71,8.05,0.0,17.24,Online,66.67
2405,51,Male,Chicago,2021-07-18,1262,201.43,0,0.0,0.0,,,,0.0,0.0,0.0,0.0,,0.0
2406,35,Female,Philadelphia,2022-05-11,965,2197.61,14,2050.0,146.43,2023-03-02,2024-12-27,4,0.0,0.0,100.0,0.0,In-Store,28.57
2407,21,Male,San Antonio,2023-03-15,657,1345.5,23,1345.5,58.5,2023-03-23,2024-12-13,18,53.51,0.0,0.0,46.49,Online,95.65
2408,19,Male,San Diego,2021-03-12,1390,833.67,6,395.0,65.83,2023-02-27,2024-10-15,77,54.43,36.71,0.0,8.86,Online,83.33
2409,28,Female,Miami,2021-03-20,1382,1812.38,10,1595.0,159.5,2023-04-21,2024-12-30,1,5.33,0.0,94.67,0.0,In-Store,20.0
2410,59,Male,Los Angeles,2021-12-24,1103,848.46,10,760.5,76.05,2023-03-14,2024-11-30,31,46.02,0.0,40.76,13.21,In-Store,10.0
2411,45,Male,Chicago,2021-04-28,1343,2724.53,22,2343.0,106.5,2023-01-17,2024-12-29,2,24.11,11.1,60.18,4.61,In-Store,4.55
2412,49,Male,Miami,2023-03-01,671,435.0,7,435.0,62.14,2023-03-16,2024-01-19,347,80.46,19.54,0.0,0.0,In-Store,14.29
2413,54,Female,Houston,2022-01-02,1094,1167.98,9,920.0,102.22,2023-02-14,2024-12-26,5,19.02,27.72,53.26,0.0,In-Store,11.11
2414,21,Male,San Diego,2022-04-11,995,1161.7,18,1033.0,57.39,2023-01-18,2024-12-28,3,50.82,32.91,0.0,16.26,Online,77.78
2415,21,Female,Phoenix,2023-06-10,570,279.0,7,279.0,39.86,2023-06-23,2024-12-07,24,64.52,10.75,0.0,24.73,Online,85.71
2416,37,Male,Houston,2021-10-05,1183,357.82,0,0.0,0.0,,,,0.0,0.0,0.0,0.0,,0.0
2417,37,Female,San Antonio,2023-07-19,531,1030.0,5,1030.0,206.0,2023-11-18,2024-10-19,73,0.0,0.0,100.0,0.0,Online,60.0
2418,28,Male,Miami,2022-03-01,1036,212.99,1,40.0,40.0,2024-12-13,2024-12-13,18,0.0,0.0,0.0,100.0,Online,100.0
2419,57,Male,San Diego,2024-03-31,275,335.0,3,335.0,111.67,2024-05-16,2024-08-28,125,44.78,10.45,44.78,0.0,In-Store,0.0
2420,38,Female,Phoenix,2023-12-17,380,390.0,2,390.0,195.0,2024-02-16,2024-10-04,88,0.0,0.0,100.0,0.0,Online,50.0
2421,19,Male,Phoenix,2022-12-20,742,1631.39,29,1628.5,56.16,2023-02-24,2024-12-29,2,71.54,11.67,0.0,16.79,Online,86.21
2422,54,Female,Philadelphia,2024-02-18,317,130.0,1,130.0,130.0,2024-06-17,2024-06-17,197,0.0,0.0,100.0,0.0,In-Store,0.0
2423,24,Female,San Antonio,2024-06-08,206,0.0,0,0.0,0.0,,,,0.0,0.0,0.0,0.0,,0.0
2424,20,Female,Chicago,2023-05-31,580,732.5,14,732.5,52.32,2023-06-10,2024-12-15,16,81.23,9.56,0.0,9.22,Online,85.71
2425,28,Female,New York,2023-12-23,374,0.0,0,0.0,0.0,,,,0.0,0.0,0.0,0.0,,0.0
2426,39,Female,New York,2021-08-25,1224,1044.54,4,800.0,200.0,2023-03-15,2023-06-05,575,0.0,13.75,86.25,0.0,In-Store,25.0
2427,27,Female,Chicago,2023-11-16,411,465.0,7,465.0,66.43,2023-12-07,2024-09-11,111,10.75,69.89,0.0,19.35,Online,85.71
2428,37,Female,San Antonio,2021-09-09,1209,1287.56,6,1150.0,191.67,2023-05-11,2024-11-21,40,0.0,0.0,100.0,0.0,Online,50.0
2429,27,Male,Houston,2024-03-07,299,205.5,6,205.5,34.25,2024-04-11,2024-12-28,3,48.66,31.63,0.0,19.71,Online,100.0
2430,51,Female,New York,2021-01-08,1453,995.94,8,688.0,86.0,2023-01-25,2024-12-18,13,75.58,0.0,21.8,2.62,In-Store,25.0
2431,42,Female,Phoenix,2021-03-15,1387,1694.6,14,1315.0,93.93,2023-01-05,2024-12-31,0,47.15,15.59,37.26,0.0,In-Store,21.43
2432,40,Female,Chicago,2021-03-05,1397,480.74,1,120.0,120.0,2023-11-14,2023-11-14,413,0.0,0.0,0.0,100.0,Online,100.0
2433,50,Male,Los Angeles,2022-03-16,1021,601.72,5,450.0,90.0,2023-03-08,2024-11-09,52,20.0,0.0,60.0,20.0,In-Store,40.0
2434,41,Female,San Diego,2023-08-30,489,690.0,4,690.0,172.5,2023-12-29,2024-10-04,88,0.0,0.0,100.0,0.0,In-Store,25.0
2435,41,Female,Dallas,2023-10-29,429,0.0,0,0.0,0.0,,,,0.0,0.0,0.0,0.0,,0.0
2436,42,Female,Los Angeles,2024-05-14,231,0.0,0,0.0,0.0,,,,0.0,0.0,0.0,0.0,,0.0
2437,29,Male,New York,2024-05-01,244,660.0,4,660.0,165.0,2024-05-04,2024-09-15,107,0.0,0.0,100.0,0.0,Online,75.0
2438,47,Male,Miami,2022-05-12,964,1210.3,15,1080.0,72.0,2023-01-31,2024-12-03,28,40.28,10.19,48.15,1.39,In-Store,13.33
2439,57,Female,Los Angeles,2022-08-13,871,1476.25,13,1411.0,108.54,2023-06-02,2024-12-25,6,12.4,19.84,65.2,2.55,In-Store,15.38
2440,36,Female,Chicago,2023-01-03,728,110.0,1,110.0,110.0,2023-06-17,2023-06-17,563,0.0,100.0,0.0,0.0,Online,100.0
2441,19,Male,San Antonio,2022-11-09,783,441.51,4,403.0,100.75,2023-02-04,2023-09-06,482,32.26,63.28,0.0,4.47,In-Store,50.0
2442,51,Female,Houston,2021-04-06,1365,1605.71,11,1255.0,114.09,2023-03-22,2024-12-07,24,14.34,25.1,55.78,4.78,In-Store,27.27
2443,18,Male,Philadelphia,2021-08-03,1246,770.26,10,610.5,61.05,2023-02-15,2024-02-17,318,20.48,18.84,0.0,60.69,Online,80.0
2444,32,Male,Houston,2023-06-04,576,45.0,1,45.0,45.0,2023-06-16,2023-06-16,564,0.0,0.0,0.0,100.0,Online,100.0
2445,24,Male,Phoenix,2022-08-25,859,102.64,0,0.0,0.0,,,,0.0,0.0,0.0,0.0,,0.0
2446,49,Female,Phoenix,2021-09-20,1198,2456.48,22,2153.0,97.86,2023-01-31,2024-12-19,12,31.12,18.35,49.7,0.84,In-Store,0.0
2447,23,Female,Houston,2022-09-23,830,122.19,2,56.0,28.0,2023-03-03,2023-04-13,628,0.0,0.0,0.0,100.0,Online,50.0
2448,34,Female,San Antonio,2022-07-17,898,218.92,3,110.0,36.67,2023-03-22,2023-06-30,550,72.73,0.0,0.0,27.27,Online,66.67
2449,20,Male,San Diego,2023-03-11,661,342.0,8,342.0,42.75,2023-09-11,2024-02-07,328,61.4,17.54,0.0,21.05,Online,87.5
2450,38,Female,Dallas,2022-07-06,909,234.8,2,140.0,70.0,2023-07-11,2023-07-14,536,39.29,60.71,0.0,0.0,Online,100.0
2451,43,Female,San Diego,2022-11-12,780,2032.21,12,2010.0,167.5,2023-01-10,2024-12-06,25,0.0,0.0,100.0,0.0,In-Store,41.67
2452,23,Male,Philadelphia,2021-07-28,1252,750.07,10,452.5,45.25,2023-05-30,2024-10-20,72,38.67,32.04,0.0,29.28,Online,80.0
2453,43,Male,Dallas,2021-11-18,1139,991.45,8,730.0,91.25,2023-03-04,2024-12-27,4,16.44,34.25,49.32,0.0,In-Store,0.0
2454,37,Female,San Diego,2024-06-03,211,0.0,0,0.0,0.0,,,,0.0,0.0,0.0,0.0,,0.0
2455,19,Male,Philadelphia,2021-11-15,1142,719.02,9,496.0,55.11,2023-04-22,2024-04-17,258,70.56,0.0,0.0,29.44,Online,88.89
2456,33,Male,Chicago,2024-06-08,206,0.0,0,0.0,0.0,,,,0.0,0.0,0.0,0.0,,0.0
2457,47,Female,Miami,2022-02-03,1062,235.36,2,45.0,22.5,2023-08-09,2023-12-05,392,0.0,66.67,0.0,33.33,Online,50.0
2458,47,Female,Phoenix,2023-10-13,445,1135.0,11,1135.0,103.18,2023-11-13,2024-11-26,35,49.78,14.98,35.24,0.0,In-Store,27.27
2459,20,Male,San Diego,2022-11-27,765,22.83,0,0.0,0.0,,,,0.0,0.0,0.0,0.0,,0.0
2460,56,Female,San Diego,2021-04-05,1366,800.05,8,630.0,78.75,2023-01-01,2024-12-09,22,28.57,22.22,49.21,0.0,In-Store,0.0
2461,44,Male,Miami,2022-07-05,910,506.45,2,360.0,180.0,2023-11-05,2023-12-24,373,0.0,0.0,100.0,0.0,In-Store,50.0
2462,58,Male,New York,2022-10-05,818,1067.38,7,1025.0,146.43,2023-03-09,2024-11-17,44,12.68,16.59,64.39,6.34,In-Store,0.0
2463,24,Male,Chicago,2021-04-26,1345,581.14,2,90.0,45.0,2023-03-17,2024-03-07,299,0.0,0.0,0.0,100.0,Online,50.0
2464,58,Female,Philadelphia,2022-01-10,1086,746.08,5,520.0,104.0,2023-03-27,2024-12-20,11,28.85,21.15,50.0,0.0,In-Store,20.0
2465,23,Female,Chicago,2022-10-19,804,54.49,1,40.0,40.0,2023-01-01,2023-01-01,730,100.0,0.0,0.0,0.0,Online,100.0
2466,20,Female,Houston,2023-04-27,614,425.0,6,425.0,70.83,2023-08-28,2024-11-30,31,54.12,0.0,42.35,3.53,Online,66.67
2467,23,Male,New York,2021-11-18,1139,342.53,2,120.0,60.0,2023-04-17,2023-08-08,511,75.0,25.0,0.0,0.0,Online,100.0
2468,27,Male,San Antonio,2023-02-08,692,220.0,3,220.0,73.33,2023-05-09,2023-11-14,413,79.55,0.0,0.0,20.45,Online,100.0
2469,56,Male,San Diego,2021-07-06,1274,1311.72,9,895.0,99.44,2023-07-26,2024-12-27,4,34.64,12.29,48.04,5.03,In-Store,22.22
2470,25,Female,New York,2023-07-24,526,444.0,5,444.0,88.8,2023-12-15,2024-10-03,89,81.08,0.0,0.0,18.92,Online,60.0
2471,64,Female,Chicago,2023-04-04,637,765.0,11,765.0,69.55,2023-04-20,2024-11-10,51,61.44,18.95,19.61,0.0,In-Store,18.18
2472,31,Female,Chicago,2023-11-20,407,210.0,3,210.0,70.0,2023-12-14,2024-06-30,184,0.0,0.0,57.14,42.86,Online,66.67
2473,18,Male,San Diego,2022-05-13,963,1020.74,14,865.0,61.79,2023-05-24,2024-10-14,78,46.82,25.43,0.0,27.75,Online,85.71
2474,48,Male,Philadelphia,2024-06-03,211,235.0,3,235.0,78.33,2024-09-06,2024-11-23,38,48.94,0.0,51.06,0.0,In-Store,33.33
2475,35,Female,Los Angeles,2023-12-20,377,920.0,6,920.0,153.33,2024-06-19,2024-11-09,52,0.0,0.0,100.0,0.0,Online,66.67
2476,26,Female,Los Angeles,2024-04-28,247,0.0,0,0.0,0.0,,,,0.0,0.0,0.0,0.0,,0.0
2477,41,Female,Philadelphia,2021-08-22,1227,914.68,6,820.0,136.67,2023-05-09,2024-05-12,233,20.73,13.41,65.85,0.0,In-Store,33.33
2478,23,Female,New York,2022-09-20,833,17.94,0,0.0,0.0,,,,0.0,0.0,0.0,0.0,,0.0
2479,45,Male,Phoenix,2024-02-06,329,0.0,0,0.0,0.0,,,,0.0,0.0,0.0,0.0,,0.0
2480,19,Male,Phoenix,2024-06-30,184,18.0,1,18.0,18.0,2024-08-30,2024-08-30,123,0.0,0.0,0.0,100.0,Online,100.0
2481,29,Female,San Antonio,2021-12-22,1105,257.35,0,0.0,0.0,,,,0.0,0.0,0.0,0.0,,0.0
2482,52,Male,Chicago,2022-03-27,1010,1987.71,18,1765.0,98.06,2023-03-04,2024-12-18,13,17.56,9.92,66.86,5.67,In-Store,0.0
2483,21,Male,Phoenix,2021-12-06,1121,913.1,10,695.0,69.5,2023-03-19,2024-12-24,7,79.86,0.0,0.0,20.14,Online,80.0
2484,51,Female,Philadelphia,2024-03-22,284,110.0,3,110.0,36.67,2024-10-26,2024-12-27,4,100.0,0.0,0.0,0.0,In-Store,0.0
2485,40,Female,Phoenix,2023-05-21,590,1350.0,12,1350.0,112.5,2023-07-01,2024-12-04,27,65.93,0.0,34.07,0.0,In-Store,16.67
2486,33,Male,Los Angeles,2023-03-28,644,250.0,4,250.0,62.5,2023-05-14,2024-03-26,280,10.0,12.0,60.0,18.0,Online,75.0
2487,45,Female,Phoenix,2021-05-28,1313,380.36,1,15.0,15.0,2023-02-23,2023-02-23,677,0.0,0.0,0.0,100.0,Online,100.0
2488,35,Female,Houston,2022-08-26,858,84.94,1,35.0,35.0,2023-06-28,2023-06-28,552,0.0,100.0,0.0,0.0,Online,100.0
2489,30,Female,Miami,2024-05-24,221,0.0,0,0.0,0.0,,,,0.0,0.0,0.0,0.0,,0.0
2490,36,Female,San Antonio,2023-11-11,416,0.0,0,0.0,0.0,,,,0.0,0.0,0.0,0.0,,0.0
2491,42,Male,Houston,2021-10-24,1164,526.4,3,225.0,75.0,2023-07-08,2024-06-29,185,24.44,0.0,66.67,8.89,In-Store,0.0
2492,51,Female,San Antonio,2022-12-18,744,455.97,8,450.0,56.25,2023-03-03,2024-10-13,79,65.56,7.78,26.67,0.0,In-Store,12.5
2493,58,Female,Miami,2022-09-02,851,902.88,9,852.5,94.72,2023-06-04,2024-11-06,55,30.5,9.97,51.61,7.92,In-Store,22.22
2494,67,Male,Dallas,2023-05-25,586,1030.0,7,1030.0,147.14,2023-05-26,2024-11-13,48,6.8,0.0,93.2,0.0,In-Store,0.0
2495,34,Female,Los Angeles,2023-02-25,675,338.0,7,338.0,48.29,2023-06-27,2024-08-11,142,48.82,10.36,0.0,40.83,Online,71.43
2496,23,Female,Chicago,2021-04-22,1349,559.57,11,408.5,37.14,2023-05-05,2024-02-04,331,29.38,33.05,0.0,37.58,Online,90.91
2497,40,Male,Houston,2021-08-28,1221,468.99,1,85.0,85.0,2023-03-29,2023-03-29,643,0.0,100.0,0.0,0.0,In-Store,0.0
2498,22,Female,Philadelphia,2022-08-17,867,108.63,2,80.0,40.0,2024-03-23,2024-06-07,207,0.0,0.0,0.0,100.0,Online,50.0
2499,41,Male,Houston,2022-02-25,1040,657.57,6,515.0,85.83,2023-07-28,2024-11-16,45,34.95,16.5,48.54,0.0,In-Store,0.0
2500,25,Male,Phoenix,2021-01-13,1448,565.82,7,392.5,56.07,2023-07-26,2024-08-26,127,50.96,33.12,0.0,15.92,Online,85.71
2501,35,Female,Houston,2022-11-14,778,375.02,2,360.0,180.0,2023-03-22,2023-11-04,423,0.0,0.0,100.0,0.0,Online,100.0
2502,31,Female,San Diego,2021-02-09,1421,2997.47,18,2780.0,154.44,2023-06-02,2024-12-21,10,5.04,1.08,93.88,0.0,Online,55.56
2503,51,Male,Phoenix,2022-09-12,841,731.89,5,660.0,132.0,2023-04-22,2023-06-18,562,32.58,12.88,54.55,0.0,In-Store,20.0
2504,50,Male,Dallas,2023-10-29,429,1360.0,12,1360.0,113.33,2023-12-04,2024-11-21,40,37.13,18.75,41.18,2.94,In-Store,0.0
2505,32,Male,Houston,2022-06-12,933,157.04,1,30.0,30.0,2023-11-13,2023-11-13,414,100.0,0.0,0.0,0.0,Online,100.0
2506,23,Female,New York,2023-05-17,594,984.0,17,984.0,57.88,2023-05-19,2024-12-28,3,47.76,8.64,27.44,16.16,Online,100.0
2507,49,Male,Los Angeles,2024-03-08,298,688.0,6,688.0,114.67,2024-03-20,2024-12-25,6,21.8,14.53,61.05,2.62,In-Store,0.0
2508,18,Female,Miami,2023-03-03,669,65.0,2,65.0,32.5,2023-04-24,2023-04-28,613,100.0,0.0,0.0,0.0,Online,100.0
2509,33,Female,Houston,2023-12-24,373,0.0,0,0.0,0.0,,,,0.0,0.0,0.0,0.0,,0.0
2510,39,Male,Philadelphia,2022-12-06,756,360.77,4,348.0,87.0,2023-11-24,2024-10-18,74,0.0,0.0,43.1,56.9,Online,75.0
2511,42,Male,San Diego,2022-05-09,967,158.84,2,70.0,35.0,2024-05-26,2024-07-05,179,0.0,0.0,0.0,100.0,Online,50.0
2512,40,Female,Phoenix,2024-03-07,299,0.0,0,0.0,0.0,,,,0.0,0.0,0.0,0.0,,0.0
2513,25,Female,Dallas,2021-07-26,1254,1115.69,8,718.0,89.75,2023-04-10,2023-12-15,382,64.76,32.73,0.0,2.51,Online,87.5
2514,28,Female,Houston,2022-11-04,788,163.21,3,130.0,43.33,2023-08-15,2024-09-07,115,76.92,0.0,0.0,23.08,Online,100.0
2515,23,Female,San Antonio,2022-03-31,1006,1717.39,28,1609.0,57.46,2023-02-04,2024-12-20,11,50.96,26.1,0.0,22.93,Online,78.57
2516,35,Female,Miami,2023-01-17,714,1495.0,9,1495.0,166.11,2023-01-30,2024-12-21,10,1.67,7.36,90.97,0.0,In-Store,22.22
2517,40,Male,Miami,2022-08-12,872,1657.91,8,1560.0,195.0,2023-04-01,2024-08-14,139,0.0,0.0,100.0,0.0,Online,62.5
2518,18,Male,Dallas,2023-05-06,605,800.0,12,800.0,66.67,2023-05-26,2024-11-20,41,70.0,8.75,0.0,21.25,Online,83.33
2519,47,Male,Houston,2021-06-27,1283,1314.56,13,1043.0,80.23,2023-02-12,2024-12-07,24,40.75,16.3,39.31,3.64,In-Store,7.69
2520,18,Female,San Diego,2023-06-14,566,0.0,0,0.0,0.0,,,,0.0,0.0,0.0,0.0,,0.0
2521,36,Female,Houston,2024-03-13,293,30.0,1,30.0,30.0,2024-06-08,2024-06-08,206,100.0,0.0,0.0,0.0,Online,100.0
2522,18,Female,San Diego,2023-06-29,551,453.0,8,453.0,56.62,2023-07-03,2024-09-19,103,61.81,7.73,0.0,30.46,Online,100.0
2523,35,Female,San Antonio,2021-08-03,1246,1852.96,10,1710.0,171.0,2023-03-27,2024-12-31,0,0.0,0.0,100.0,0.0,Online,70.0
2524,40,Male,Houston,2021-03-25,1377,2136.77,11,1785.0,162.27,2023-01-06,2024-12-20,11,4.2,0.0,95.8,0.0,In-Store,36.36
2525,34,Male,San Antonio,2024-04-04,271,75.0,2,75.0,37.5,2024-05-29,2024-09-21,101,53.33,46.67,0.0,0.0,In-Store,0.0
2526,23,Female,San Diego,2021-02-28,1402,844.57,4,455.0,113.75,2023-01-09,2023-07-19,531,30.77,0.0,65.93,3.3,Online,75.0
2527,43,Female,Miami,2021-06-04,1306,479.82,3,112.5,37.5,2023-06-16,2024-09-19,103,0.0,62.22,0.0,37.78,Online,100.0
2528,27,Female,New York,2022-09-27,826,1208.85,20,1151.0,57.55,2023-01-18,2024-12-24,7,35.19,48.22,0.0,16.59,Online,90.0
2529,24,Female,Philadelphia,2021-07-12,1268,987.29,13,852.5,65.58,2023-03-30,2024-11-10,51,57.48,12.32,0.0,30.21,Online,76.92
2530,26,Female,Dallas,2024-04-17,258,0.0,0,0.0,0.0,,,,0.0,0.0,0.0,0.0,,0.0
2531,46,Male,Miami,2021-09-11,1207,633.48,2,440.0,220.0,2023-11-13,2024-06-21,193,0.0,0.0,100.0,0.0,In-Store,50.0
2532,41,Male,San Diego,2021-03-11,1391,814.32,5,625.0,125.0,2023-04-03,2024-11-01,60,13.6,0.0,86.4,0.0,In-Store,40.0
2533,45,Male,New York,2022-08-29,855,147.27,2,52.5,26.25,2024-03-30,2024-09-23,99,0.0,57.14,0.0,42.86,In-Store,0.0
2534,26,Male,San Antonio,2023-01-14,717,876.0,12,876.0,73.0,2023-02-25,2024-12-19,12,68.49,0.0,0.0,31.51,Online,100.0
2535,64,Male,Phoenix,2023-11-06,421,795.0,5,795.0,159.0,2023-11-25,2024-11-13,48,16.98,0.0,83.02,0.0,In-Store,20.0
2536,51,Male,Miami,2022-07-27,888,917.93,10,800.0,80.0,2023-10-01,2024-11-19,42,43.75,25.0,31.25,0.0,In-Store,10.0
2537,58,Female,San Diego,2022-04-26,980,373.64,5,247.5,49.5,2023-01-09,2024-12-06,25,24.24,14.14,0.0,61.62,In-Store,20.0
2538,23,Male,Chicago,2022-07-08,907,369.67,6,328.5,54.75,2023-01-01,2024-06-03,211,42.62,21.31,0.0,36.07,Online,100.0
2539,36,Female,Philadelphia,2024-03-30,276,150.0,1,150.0,150.0,2024-10-10,2024-10-10,82,0.0,0.0,100.0,0.0,Online,100.0
2540,57,Male,San Diego,2021-11-10,1147,358.26,1,65.0,65.0,2023-04-19,2023-04-19,622,100.0,0.0,0.0,0.0,In-Store,0.0
2541,20,Female,Philadelphia,2023-05-06,605,922.5,17,922.5,54.26,2023-06-03,2024-12-29,2,65.04,14.09,0.0,20.87,Online,88.24
2542,44,Female,Los Angeles,2024-02-16,319,0.0,0,0.0,0.0,,,,0.0,0.0,0.0,0.0,,0.0
2543,35,Male,Dallas,2023-03-01,671,1200.0,7,1200.0,171.43,2023-04-30,2023-12-29,368,0.0,0.0,100.0,0.0,In-Store,28.57
2544,25,Male,Philadelphia,2023-10-17,441,892.5,17,892.5,52.5,2023-11-03,2024-12-21,10,63.87,16.81,0.0,19.33,Online,94.12
2545,37,Male,New York,2022-07-05,910,2185.69,13,2105.0,161.92,2023-06-24,2024-12-11,20,3.09,0.0,96.91,0.0,Online,53.85
2546,55,Male,Philadelphia,2023-12-25,372,570.0,7,570.0,81.43,2024-04-13,2024-11-02,59,44.74,0.0,31.58,23.68,In-Store,28.57
2547,25,Female,San Antonio,2023-05-18,593,400.0,7,400.0,57.14,2023-10-10,2024-12-18,13,85.0,7.5,0.0,7.5,Online,57.14
2548,26,Female,Los Angeles,2021-04-15,1356,1242.14,16,967.5,60.47,2023-03-20,2024-10-14,78,49.61,6.2,0.0,44.19,Online,62.5
2549,18,Male,New York,2023-07-19,531,160.0,4,160.0,40.0,2023-08-28,2023-12-07,390,37.5,37.5,0.0,25.0,Online,75.0
2550,55,Male,San Diego,2023-10-27,431,585.0,5,585.0,117.0,2023-11-16,2024-10-03,89,48.72,0.0,51.28,0.0,In-Store,40.0
2551,21,Female,San Antonio,2021-10-14,1174,900.68,16,622.5,38.91,2023-01-07,2023-12-04,393,29.72,29.72,0.0,40.56,Online,75.0
2552,45,Male,Houston,2023-01-25,706,1250.0,9,1250.0,138.89,2023-07-12,2024-12-27,4,0.0,8.8,91.2,0.0,Online,55.56
2553,22,Male,Chicago,2022-08-23,861,850.0,19,803.0,42.26,2023-02-08,2024-08-18,135,44.21,35.49,0.0,20.3,Online,84.21
2554,43,Male,New York,2021-07-06,1274,1095.05,5,960.0,192.0,2023-12-09,2024-10-25,67,0.0,0.0,100.0,0.0,In-Store,20.0
2555,35,Male,San Diego,2024-04-27,248,540.0,2,540.0,270.0,2024-07-05,2024-11-18,43,0.0,0.0,100.0,0.0,In-Store,0.0
2556,48,Female,New York,2021-09-27,1191,362.45,0,0.0,0.0,,,,0.0,0.0,0.0,0.0,,0.0
2557,23,Female,San Diego,2023-03-19,653,205.0,4,205.0,51.25,2023-08-08,2024-12-07,24,46.34,0.0,0.0,53.66,In-Store,50.0
2558,55,Male,Dallas,2023-02-08,692,845.0,7,845.0,120.71,2023-04-21,2024-12-07,24,39.64,0.0,53.25,7.1,In-Store,0.0
2559,18,Female,San Diego,2021-09-19,1199,803.28,8,555.0,69.38,2023-01-08,2023-09-17,471,81.98,0.0,0.0,18.02,Online,87.5
2560,23,Female,Los Angeles,2023-12-13,384,347.5,6,347.5,57.92,2024-03-08,2024-11-09,52,35.97,0.0,0.0,64.03,Online,83.33
2561,23,Female,Phoenix,2024-03-08,298,608.0,11,608.0,55.27,2024-05-02,2024-12-15,16,52.63,0.0,0.0,47.37,Online,100.0
2562,20,Male,New York,2021-09-10,1208,1266.78,23,1157.0,50.3,2023-01-15,2024-12-25,6,49.7,17.72,0.0,32.58,Online,91.3
2563,26,Female,Miami,2023-07-30,520,0.0,0,0.0,0.0,,,,0.0,0.0,0.0,0.0,,0.0
2564,22,Male,Phoenix,2023-03-18,654,911.5,14,911.5,65.11,2023-06-06,2024-11-29,32,58.15,10.42,0.0,31.43,Online,57.14
2565,61,Female,Chicago,2023-01-02,729,0.0,0,0.0,0.0,,,,0.0,0.0,0.0,0.0,,0.0
2566,23,Female,Miami,2022-12-17,745,305.15,6,302.5,50.42,2023-01-07,2024-05-12,233,18.18,59.5,0.0,22.31,Online,83.33
2567,26,Male,Miami,2023-05-30,581,678.0,12,678.0,56.5,2023-06-06,2024-06-04,210,43.51,5.16,0.0,51.33,Online,66.67
2568,36,Female,Philadelphia,2022-09-08,845,1863.76,11,1775.0,161.36,2023-02-06,2024-12-08,23,0.0,4.79,95.21,0.0,Online,54.55
2569,28,Female,Phoenix,2022-12-21,741,8.45,0,0.0,0.0,,,,0.0,0.0,0.0,0.0,,0.0
2570,39,Female,Philadelphia,2023-06-15,565,1290.0,9,1290.0,143.33,2023-06-30,2024-12-21,10,0.0,13.95,86.05,0.0,In-Store,44.44
2571,55,Male,San Antonio,2022-08-12,872,220.07,4,190.0,47.5,2023-03-21,2024-10-21,71,100.0,0.0,0.0,0.0,In-Store,0.0
2572,42,Female,San Diego,2021-05-11,1330,1176.06,6,1020.0,170.0,2023-02-05,2024-03-04,302,0.0,0.0,100.0,0.0,Online,66.67
2573,55,Female,Miami,2021-09-06,1212,666.99,6,397.5,66.25,2023-01-30,2024-11-10,51,72.96,21.38,0.0,5.66,In-Store,16.67
2574,21,Female,Phoenix,2021-10-02,1186,425.5,4,185.0,46.25,2023-01-09,2023-09-07,481,83.78,16.22,0.0,0.0,Online,75.0
2575,47,Female,Chicago,2022-10-27,796,837.26,9,810.0,90.0,2023-03-19,2024-12-18,13,27.78,0.0,44.44,27.78,In-Store,22.22
2576,27,Male,New York,2022-08-02,882,147.76,2,63.0,31.5,2023-12-28,2024-05-30,215,0.0,0.0,0.0,100.0,Online,100.0
2577,35,Male,San Antonio,2022-04-24,982,1946.96,6,1770.0,295.0,2023-03-30,2024-12-25,6,0.0,0.0,100.0,0.0,Online,66.67
2578,20,Female,Philadelphia,2022-05-13,963,139.35,2,70.0,35.0,2023-03-11,2023-05-12,599,0.0,0.0,0.0,100.0,Online,100.0
2579,56,Female,Dallas,2022-09-21,832,638.06,7,555.0,79.29,2023-03-17,2024-12-29,2,23.42,19.82,54.05,2.7,In-Store,0.0
2580,18,Female,San Diego,2023-05-31,580,85.0,2,85.0,42.5,2023-09-06,2024-06-22,192,47.06,0.0,0.0,52.94,In-Store,50.0
2581,20,Female,Los Angeles,2022-09-03,850,531.8,12,464.5,38.71,2023-01-12,2024-12-22,9,37.67,6.46,0.0,55.87,Online,83.33
2582,25,Male,Los Angeles,2021-05-30,1311,232.48,3,130.0,43.33,2023-06-07,2024-04-18,257,65.38,0.0,0.0,34.62,In-Store,0.0
2583,23,Male,Miami,2021-10-10,1178,480.76,8,399.0,49.88,2023-04-14,2024-02-08,327,61.4,15.04,0.0,23.56,Online,100.0
2584,55,Male,San Antonio,2021-10-26,1162,1129.2,12,870.0,72.5,2023-01-23,2024-12-12,19,67.82,29.89,0.0,2.3,In-Store,33.33
2585,38,Female,Philadelphia,2021-08-30,1219,424.49,1,70.0,70.0,2023-07-15,2023-07-15,535,0.0,100.0,0.0,0.0,In-Store,0.0
2586,26,Male,Philadelphia,2024-06-22,192,292.5,8,292.5,36.56,2024-07-13,2024-12-19,12,46.15,10.26,0.0,43.59,Online,87.5
2587,46,Female,Philadelphia,2021-05-03,1338,1392.04,13,1195.0,91.92,2023-04-01,2024-12-07,24,55.65,0.0,42.68,1.67,In-Store,15.38
2588,36,Female,Los Angeles,2021-11-09,1148,1704.48,10,1450.0,145.0,2023-01-14,2024-11-18,43,6.55,2.41,91.03,0.0,In-Store,50.0
2589,40,Male,Houston,2024-05-25,220,840.0,5,840.0,168.0,2024-06-05,2024-12-31,0,0.0,0.0,100.0,0.0,Online,60.0
2590,32,Female,Phoenix,2023-03-16,656,3615.0,19,3615.0,190.26,2023-03-19,2024-12-20,11,1.8,0.0,97.65,0.55,Online,57.89
2591,40,Female,Miami,2021-04-25,1346,1364.17,6,935.0,155.83,2023-01-17,2024-09-21,101,6.95,0.0,93.05,0.0,Online,50.0
2592,50,Male,San Antonio,2024-03-15,291,0.0,0,0.0,0.0,,,,0.0,0.0,0.0,0.0,,0.0
2593,48,Male,San Diego,2022-03-19,1018,918.29,6,850.0,141.67,2023-03-06,2023-11-30,397,12.94,54.12,32.94,0.0,In-Store,16.67
2594,32,Male,San Antonio,2021-05-06,1335,324.3,1,30.0,30.0,2024-03-06,2024-03-06,300,100.0,0.0,0.0,0.0,In-Store,0.0
2595,36,Female,New York,2022-05-04,972,1172.35,7,1115.0,159.29,2023-08-15,2024-12-31,0,4.93,9.87,85.2,0.0,In-Store,28.57
2596,54,Female,San Diego,2021-02-10,1420,832.08,7,455.0,65.0,2023-04-11,2024-06-24,190,30.77,7.69,61.54,0.0,In-Store,28.57
2597,54,Male,Los Angeles,2024-04-13,262,15.0,1,15.0,15.0,2024-06-28,2024-06-28,186,0.0,0.0,0.0,100.0,In-Store,0.0
2598,46,Female,Chicago,2022-08-02,882,103.58,0,0.0,0.0,,,,0.0,0.0,0.0,0.0,,0.0
2599,38,Male,San Antonio,2022-04-18,988,195.45,0,0.0,0.0,,,,0.0,0.0,0.0,0.0,,0.0
2600,58,Female,Houston,2022-04-14,992,689.11,10,600.0,60.0,2023-01-01,2024-09-24,98,55.0,24.17,0.0,20.83,In-Store,30.0
2601,26,Female,San Diego,2024-05-23,222,60.0,1,60.0,60.0,2024-07-11,2024-07-11,173,0.0,0.0,0.0,100.0,Online,100.0
2602,63,Female,Phoenix,2021-01-22,1439,2048.37,20,1810.0,90.5,2023-04-23,2024-12-22,9,37.29,14.09,41.99,6.63,In-Store,5.0
2603,24,Male,San Diego,2022-02-18,1047,608.8,8,450.0,56.25,2023-03-17,2024-08-18,135,68.89,0.0,0.0,31.11,Online,87.5
2604,26,Female,New York,2023-07-03,547,368.0,7,368.0,52.57,2023-08-03,2024-01-26,340,24.46,62.5,0.0,13.04,Online,71.43
2605,51,Male,Miami,2023-10-16,442,555.0,6,555.0,92.5,2023-10-19,2024-11-28,33,41.44,26.13,32.43,0.0,In-Store,16.67
2606,38,Male,Los Angeles,2022-06-03,942,2340.77,13,2190.0,168.46,2023-08-26,2024-10-13,79,0.0,0.0,100.0,0.0,Online,76.92
2607,18,Male,Miami,2022-03-09,1028,445.38,4,355.0,88.75,2023-03-09,2024-05-16,229,80.28,8.45,0.0,11.27,Online,75.0
2608,18,Male,New York,2022-09-28,825,279.38,6,220.5,36.75,2023-01-27,2024-12-07,24,68.03,13.61,0.0,18.37,Online,66.67
2609,41,Female,Phoenix,2023-09-06,482,55.0,1,55.0,55.0,2024-07-05,2024-07-05,179,100.0,0.0,0.0,0.0,Online,100.0
2610,27,Male,Phoenix,2023-02-13,687,113.0,4,113.0,28.25,2024-02-07,2024-12-31,0,0.0,30.97,0.0,69.03,Online,75.0
2611,41,Male,Houston,2023-05-26,585,2005.0,11,2005.0,182.27,2023-07-28,2024-12-30,1,0.0,4.24,94.76,1.0,Online,63.64
2612,26,Male,Phoenix,2022-07-30,885,90.86,0,0.0,0.0,,,,0.0,0.0,0.0,0.0,,0.0
2613,33,Female,San Diego,2023-06-09,571,1170.0,7,1170.0,167.14,2023-06-30,2024-06-17,197,0.0,0.0,100.0,0.0,Online,57.14
2614,18,Male,New York,2022-03-06,1031,221.29,0,0.0,0.0,,,,0.0,0.0,0.0,0.0,,0.0
2615,20,Male,New York,2023-05-06,605,684.5,17,684.5,40.26,2023-05-31,2024-11-18,43,56.98,0.0,0.0,43.02,Online,82.35
2616,54,Male,Houston,2021-09-04,1214,1440.48,19,1253.0,65.95,2023-04-02,2024-12-31,0,53.47,20.35,24.74,1.44,In-Store,15.79
2617,22,Male,New York,2022-11-27,765,18.58,0,0.0,0.0,,,,0.0,0.0,0.0,0.0,,0.0
2618,21,Male,Houston,2021-01-08,1453,505.01,7,307.5,43.93,2023-01-02,2023-09-18,470,61.79,0.0,0.0,38.21,Online,100.0
2619,37,Female,San Diego,2022-01-27,1069,896.31,4,690.0,172.5,2023-03-05,2024-02-13,322,0.0,0.0,100.0,0.0,In-Store,25.0
2620,23,Female,Los Angeles,2023-08-14,505,426.0,11,426.0,38.73,2023-08-25,2024-06-01,213,31.69,35.21,0.0,33.1,Online,100.0
2621,43,Male,Philadelphia,2021-02-27,1403,114.54,0,0.0,0.0,,,,0.0,0.0,0.0,0.0,,0.0
2622,35,Male,Philadelphia,2024-06-24,190,780.0,4,780.0,195.0,2024-08-06,2024-11-09,52,0.0,0.0,100.0,0.0,Online,100.0
2623,24,Male,Philadelphia,2021-12-29,1098,1932.27,35,1865.5,53.3,2023-04-15,2024-12-31,0,38.33,18.76,13.94,28.97,Online,88.57
2624,20,Male,San Antonio,2022-06-08,937,438.87,4,283.0,70.75,2023-01-06,2023-05-22,589,58.3,35.34,0.0,6.36,Online,75.0
2625,19,Female,Chicago,2021-01-15,1446,492.88,6,330.0,55.0,2023-01-08,2023-05-16,595,71.21,28.79,0.0,0.0,Online,83.33
2626,21,Male,Chicago,2023-10-05,453,80.5,3,80.5,26.83,2023-11-20,2024-11-22,39,49.69,0.0,0.0,50.31,Online,66.67
2627,26,Female,Phoenix,2021-11-05,1152,344.48,3,170.0,56.67,2023-04-15,2024-06-07,207,14.71,50.0,0.0,35.29,Online,100.0
2628,38,Female,San Diego,2023-04-12,629,0.0,0,0.0,0.0,,,,0.0,0.0,0.0,0.0,,0.0
2629,28,Female,Houston,2022-03-03,1034,370.99,1,120.0,120.0,2023-01-30,2023-01-30,701,0.0,100.0,0.0,0.0,Online,100.0
2630,51,Female,San Antonio,2022-07-05,910,419.71,6,370.0,61.67,2023-05-25,2024-12-10,21,36.49,31.08,32.43,0.0,In-Store,16.67
2631,40,Female,San Diego,2023-09-10,478,180.0,1,180.0,180.0,2023-11-10,2023-11-10,417,0.0,0.0,100.0,0.0,In-Store,0.0
2632,24,Female,Dallas,2021-03-14,1388,317.91,2,85.0,42.5,2023-01-11,2023-02-15,685,100.0,0.0,0.0,0.0,Online,100.0
2633,47,Male,San Diego,2023-03-26,646,1025.0,10,1025.0,102.5,2023-06-08,2024-04-18,257,39.51,0.0,60.49,0.0,In-Store,10.0
2634,38,Female,Philadelphia,2021-04-07,1364,682.27,6,190.5,31.75,2023-04-23,2024-12-17,14,28.87,0.0,0.0,71.13,Online,66.67
2635,52,Female,Philadelphia,2021-11-14,1143,728.16,6,570.0,95.0,2023-08-04,2024-11-30,31,52.63,0.0,47.37,0.0,In-Store,16.67
2636,46,Female,Dallas,2024-05-06,239,110.0,1,110.0,110.0,2024-11-17,2024-11-17,44,0.0,100.0,0.0,0.0,In-Store,0.0
2637,24,Male,Phoenix,2024-02-18,317,651.0,8,651.0,81.38,2024-03-01,2024-12-27,4,56.07,26.11,0.0,17.82,Online,87.5
2638,36,Male,Philadelphia,2021-06-03,1307,1471.21,8,1065.0,133.12,2023-03-26,2024-12-06,25,0.0,10.33,88.26,1.41,In-Store,37.5
2639,22,Male,Chicago,2022-09-27,826,289.65,7,211.0,30.14,2023-01-22,2023-08-06,513,56.87,16.59,0.0,26.54,Online,100.0
2640,36,Male,Phoenix,2023-01-29,702,0.0,0,0.0,0.0,,,,0.0,0.0,0.0,0.0,,0.0
2641,47,Male,Phoenix,2022-12-04,758,1618.61,9,1610.0,178.89,2023-03-26,2024-10-25,67,0.0,0.0,100.0,0.0,Online,55.56
2642,52,Female,San Antonio,2021-03-19,1383,749.61,10,455.0,45.5,2023-05-22,2024-12-15,16,40.66,13.19,28.57,17.58,In-Store,30.0
2643,24,Female,Houston,2023-05-27,584,265.0,4,265.0,66.25,2023-09-25,2024-03-24,282,77.36,0.0,0.0,22.64,In-Store,50.0
2644,24,Female,Philadelphia,2024-02-17,318,510.0,10,510.0,51.0,2024-02-28,2024-12-29,2,45.1,22.55,0.0,32.35,Online,90.0
2645,42,Male,Philadelphia,2021-10-18,1170,168.32,0,0.0,0.0,,,,0.0,0.0,0.0,0.0,,0.0
2646,57,Female,Chicago,2024-03-17,289,128.0,2,128.0,64.0,2024-11-10,2024-12-11,20,0.0,85.94,0.0,14.06,In-Store,0.0
2647,67,Female,Phoenix,2022-06-10,935,1820.42,11,1720.0,156.36,2023-05-09,2024-10-31,61,12.79,9.88,70.35,6.98,In-Store,18.18
2648,34,Female,Phoenix,2023-10-28,430,45.0,1,45.0,45.0,2024-04-04,2024-04-04,271,0.0,0.0,0.0,100.0,In-Store,0.0
2649,31,Male,Chicago,2023-10-15,443,1120.0,7,1120.0,160.0,2024-02-05,2024-12-03,28,0.0,0.0,100.0,0.0,In-Store,42.86
2650,21,Female,Houston,2021-01-20,1441,503.2,5,177.5,35.5,2023-05-27,2024-01-03,363,45.07,16.9,0.0,38.03,Online,100.0
2651,20,Female,Miami,2022-03-04,1033,533.2,12,425.0,35.42,2023-02-03,2024-03-24,282,71.76,0.0,0.0,28.24,Online,66.67
2652,21,Male,Philadelphia,2022-10-19,804,527.41,13,510.0,39.23,2023-05-03,2024-12-04,27,34.31,26.47,0.0,39.22,Online,84.62
2653,61,Male,New York,2024-06-07,207,720.0,6,720.0,120.0,2024-06-19,2024-11-09,52,12.5,0.0,87.5,0.0,In-Store,33.33
2654,55,Female,San Antonio,2022-02-23,1042,460.7,5,390.0,78.0,2023-03-25,2024-02-29,306,78.21,21.79,0.0,0.0,In-Store,20.0
2655,18,Female,Chicago,2021-02-09,1421,1104.54,10,578.0,57.8,2023-03-09,2024-03-05,301,60.55,10.38,0.0,29.07,Online,80.0
2656,23,Female,New York,2021-01-22,1439,1216.31,13,822.5,63.27,2023-01-06,2024-11-22,39,35.26,20.67,0.0,44.07,Online,84.62
2657,37,Male,San Antonio,2021-09-01,1217,140.99,2,50.0,25.0,2023-04-06,2024-08-06,147,60.0,0.0,0.0,40.0,Online,100.0
2658,34,Male,Phoenix,2022-08-12,872,961.6,5,910.0,182.0,2023-03-12,2024-06-05,209,0.0,0.0,100.0,0.0,Online,60.0
2659,45,Male,San Diego,2024-02-21,314,360.0,1,360.0,360.0,2024-11-26,2024-11-26,35,0.0,0.0,100.0,0.0,In-Store,0.0
2660,34,Female,Los Angeles,2023-09-06,482,620.0,5,620.0,124.0,2023-11-07,2024-10-27,65,4.03,13.71,82.26,0.0,Online,80.0
2661,23,Female,Philadelphia,2023-03-16,656,156.0,4,156.0,39.0,2023-03-23,2023-11-04,423,38.46,0.0,0.0,61.54,Online,75.0
2662,20,Female,Miami,2022-01-21,1075,905.47,13,672.5,51.73,2023-03-01,2024-12-08,23,73.61,9.67,0.0,16.73,Online,84.62
2663,31,Female,Houston,2021-12-24,1103,221.96,2,65.0,32.5,2024-02-02,2024-12-27,4,0.0,0.0,0.0,100.0,In-Store,50.0
2664,27,Male,Phoenix,2021-03-06,1396,931.08,17,770.5,45.32,2023-02-19,2024-12-31,0,40.23,27.26,0.0,32.51,Online,88.24
2665,31,Female,Philadelphia,2021-07-15,1265,271.49,2,93.0,46.5,2023-12-10,2024-07-01,183,80.65,0.0,0.0,19.35,Online,50.0
2666,33,Female,Dallas,2024-05-21,224,1050.0,5,1050.0,210.0,2024-06-05,2024-12-15,16,0.0,0.0,100.0,0.0,Online,60.0
2667,37,Female,Dallas,2022-06-10,935,2581.5,11,2430.0,220.91,2023-02-07,2024-09-01,121,0.0,9.05,90.95,0.0,Online,72.73
2668,52,Female,Chicago,2023-08-06,513,345.0,4,345.0,86.25,2023-08-27,2024-12-26,5,69.57,24.64,0.0,5.8,In-Store,25.0
2669,42,Male,Philadelphia,2023-12-07,390,780.0,3,780.0,260.0,2024-03-25,2024-09-04,118,0.0,0.0,100.0,0.0,In-Store,0.0
2670,24,Male,Miami,2021-09-15,1203,1540.13,18,1417.0,78.72,2023-05-09,2024-05-10,235,31.76,37.76,0.0,30.49,Online,94.44
2671,61,Male,Phoenix,2023-08-01,518,290.0,3,290.0,96.67,2023-12-11,2024-11-13,48,55.17,0.0,44.83,0.0,In-Store,33.33
2672,49,Female,Chicago,2023-01-12,719,1255.0,12,1255.0,104.58,2023-04-19,2024-08-10,143,33.47,20.32,43.03,3.19,In-Store,16.67
2673,19,Male,Houston,2021-12-12,1115,1029.33,16,767.0,47.94,2023-03-19,2024-12-06,25,41.07,24.12,0.0,34.81,Online,93.75
2674,37,Male,Phoenix,2022-06-10,935,97.72,1,30.0,30.0,2023-03-07,2023-03-07,665,0.0,100.0,0.0,0.0,In-Store,0.0
2675,23,Female,Chicago,2023-07-05,545,337.0,9,337.0,37.44,2023-07-24,2024-12-24,7,63.8,8.9,0.0,27.3,Online,100.0
2676,34,Female,New York,2024-02-01,334,490.0,3,490.0,163.33,2024-02-04,2024-04-21,254,0.0,0.0,100.0,0.0,Online,66.67
2677,40,Male,Los Angeles,2023-06-22,558,580.0,7,580.0,82.86,2023-08-08,2024-12-16,15,46.55,48.28,0.0,5.17,In-Store,0.0
2678,64,Male,San Antonio,2023-12-27,370,412.5,7,412.5,58.93,2024-04-17,2024-12-26,5,65.45,7.27,0.0,27.27,In-Store,42.86
2679,28,Male,Miami,2022-10-05,818,2671.24,15,2630.0,175.33,2023-01-15,2024-06-27,187,0.0,0.0,100.0,0.0,In-Store,40.0
2680,24,Female,Miami,2022-06-18,927,164.27,1,55.0,55.0,2024-07-14,2024-07-14,170,100.0,0.0,0.0,0.0,Online,100.0
2681,51,Male,Los Angeles,2024-03-16,290,230.0,2,230.0,115.0,2024-03-18,2024-05-12,233,0.0,47.83,52.17,0.0,In-Store,0.0
2682,23,Male,Miami,2022-12-08,754,1177.69,19,1161.0,61.11,2023-03-21,2024-06-04,210,50.39,20.24,0.0,29.37,Online,89.47
2683,20,Male,Miami,2022-03-13,1024,263.24,5,173.0,34.6,2023-03-09,2024-04-04,271,34.68,20.23,0.0,45.09,Online,80.0
2684,19,Male,San Diego,2024-03-17,289,195.0,4,195.0,48.75,2024-04-29,2024-07-06,178,53.85,35.9,0.0,10.26,Online,75.0
2685,18,Male,Miami,2021-02-21,1409,431.8,1,50.0,50.0,2023-03-14,2023-03-14,658,100.0,0.0,0.0,0.0,In-Store,0.0
2686,42,Male,Miami,2023-08-13,506,65.0,2,65.0,32.5,2023-12-01,2024-07-08,176,0.0,100.0,0.0,0.0,In-Store,0.0
2687,47,Male,San Antonio,2021-04-14,1357,1227.83,8,912.5,114.06,2023-04-03,2024-11-28,33,30.68,0.0,53.7,15.62,In-Store,0.0
2688,35,Male,San Diego,2022-06-07,938,836.36,3,690.0,230.0,2023-11-16,2024-06-29,185,0.0,0.0,100.0,0.0,Online,66.67
2689,21,Male,San Diego,2024-03-08,298,405.0,6,405.0,67.5,2024-06-03,2024-12-14,17,53.09,0.0,0.0,46.91,Online,83.33
2690,31,Male,Phoenix,2022-02-11,1054,242.29,2,60.0,30.0,2023-05-18,2023-07-22,528,0.0,0.0,0.0,100.0,Online,100.0
2691,65,Male,Miami,2024-03-20,286,0.0,0,0.0,0.0,,,,0.0,0.0,0.0,0.0,,0.0
2692,52,Male,Philadelphia,2021-11-10,1147,985.99,5,815.0,163.0,2023-01-17,2024-07-13,171,3.68,37.42,58.9,0.0,In-Store,20.0
2693,42,Female,Los Angeles,2021-12-16,1111,1693.31,8,1530.0,191.25,2023-05-15,2024-05-20,225,0.0,0.0,100.0,0.0,In-Store,25.0
2694,33,Male,Los Angeles,2022-02-27,1038,1441.98,8,1330.0,166.25,2023-02-19,2024-12-03,28,0.0,0.0,100.0,0.0,Online,62.5
2695,49,Female,Houston,2021-09-22,1196,748.97,7,370.0,52.86,2023-04-22,2024-11-07,54,91.89,8.11,0.0,0.0,In-Store,14.29
2696,21,Male,Los Angeles,2023-08-31,488,80.0,1,80.0,80.0,2023-09-08,2023-09-08,480,100.0,0.0,0.0,0.0,Online,100.0
2697,23,Male,Los Angeles,2023-03-24,648,295.0,6,295.0,49.17,2023-03-24,2024-12-26,5,28.81,35.59,0.0,35.59,Online,66.67
2698,53,Male,Phoenix,2022-04-08,998,475.57,5,333.0,66.6,2023-03-19,2024-12-24,7,36.04,58.56,0.0,5.41,In-Store,20.0
2699,55,Male,Philadelphia,2023-07-12,538,1510.0,12,1510.0,125.83,2023-07-24,2024-12-22,9,43.38,5.63,45.03,5.96,In-Store,8.33
2700,55,Male,Los Angeles,2023-02-03,697,1012.5,13,1012.5,77.88,2023-02-24,2024-12-29,2,50.37,16.79,24.69,8.15,In-Store,15.38
2701,38,Female,San Diego,2021-10-10,1178,91.04,0,0.0,0.0,,,,0.0,0.0,0.0,0.0,,0.0
2702,53,Female,Miami,2021-12-08,1119,1374.29,12,1250.0,104.17,2023-03-11,2024-08-25,128,33.6,35.2,31.2,0.0,In-Store,0.0
2703,23,Male,Dallas,2023-09-06,482,609.0,14,609.0,43.5,2023-09-22,2024-12-31,0,59.93,15.6,0.0,24.47,Online,78.57
2704,38,Female,Los Angeles,2024-04-02,273,75.0,1,75.0,75.0,2024-04-06,2024-04-06,269,100.0,0.0,0.0,0.0,In-Store,0.0
2705,55,Male,Houston,2023-02-20,680,608.0,5,608.0,121.6,2023-07-16,2024-07-23,161,6.58,11.51,78.95,2.96,In-Store,20.0
2706,23,Female,San Antonio,2023-10-11,447,425.0,5,425.0,85.0,2023-11-15,2024-10-30,62,71.76,0.0,0.0,28.24,Online,100.0
2707,54,Female,San Diego,2022-09-01,852,106.76,1,30.0,30.0,2023-11-26,2023-11-26,401,100.0,0.0,0.0,0.0,Online,100.0
2708,28,Male,Phoenix,2021-12-24,1103,430.93,6,148.0,24.67,2023-03-09,2023-12-25,372,16.89,0.0,0.0,83.11,In-Store,33.33
2709,29,Male,Miami,2024-01-10,356,65.5,3,65.5,21.83,2024-01-15,2024-02-20,315,38.17,0.0,0.0,61.83,Online,100.0
2710,23,Male,Chicago,2023-01-12,719,547.5,12,547.5,45.62,2023-01-12,2024-08-04,149,31.05,20.09,0.0,48.86,Online,83.33
2711,37,Male,Dallas,2021-07-25,1255,356.53,0,0.0,0.0,,,,0.0,0.0,0.0,0.0,,0.0
2712,21,Male,Dallas,2021-06-23,1287,1196.7,13,817.5,62.88,2023-05-15,2024-12-05,26,76.45,7.95,0.0,15.6,Online,69.23
2713,24,Female,New York,2021-06-30,1280,975.28,8,590.0,73.75,2023-04-27,2024-01-05,361,58.47,0.0,0.0,41.53,Online,75.0
2714,56,Female,New York,2022-01-31,1065,1030.98,10,910.0,91.0,2023-07-21,2024-10-25,67,40.11,40.11,19.78,0.0,In-Store,20.0
2715,37,Female,New York,2023-08-07,512,365.5,6,365.5,60.92,2023-09-02,2024-12-18,13,58.82,30.1,0.0,11.08,Online,66.67
2716,20,Male,New York,2023-03-11,661,1035.0,15,1035.0,69.0,2023-05-18,2024-12-02,29,58.94,23.67,0.0,17.39,Online,93.33
2717,20,Male,Los Angeles,2022-11-22,770,838.76,15,811.0,54.07,2023-01-17,2024-02-20,315,54.87,0.0,0.0,45.13,Online,80.0
2718,33,Male,Houston,2022-12-06,756,48.73,1,30.0,30.0,2023-01-02,2023-01-02,729,100.0,0.0,0.0,0.0,In-Store,0.0
2719,35,Female,San Diego,2023-10-24,434,0.0,0,0.0,0.0,,,,0.0,0.0,0.0,0.0,,0.0
2720,20,Female,Miami,2023-08-06,513,821.0,19,821.0,43.21,2023-08-26,2024-12-23,8,37.15,3.65,14.62,44.58,Online,73.68
2721,23,Female,Miami,2024-04-13,262,162.0,5,162.0,32.4,2024-06-08,2024-11-24,37,0.0,37.04,0.0,62.96,Online,100.0
2722,67,Male,Chicago,2023-12-13,384,0.0,0,0.0,0.0,,,,0.0,0.0,0.0,0.0,,0.0
2723,39,Female,Phoenix,2021-02-27,1403,2595.01,12,2140.0,178.33,2023-03-24,2024-12-13,18,0.0,0.0,100.0,0.0,Online,83.33
2724,36,Male,Houston,2022-05-27,949,1795.08,12,1730.0,144.17,2023-01-05,2024-11-29,32,2.31,0.0,97.69,0.0,In-Store,41.67
2725,22,Male,Houston,2023-03-04,668,1258.5,20,1258.5,62.92,2023-03-04,2024-10-28,64,36.95,19.07,0.0,43.98,Online,80.0
2726,61,Female,Philadelphia,2021-01-07,1454,895.02,3,315.0,105.0,2023-07-18,2024-06-23,191,73.02,26.98,0.0,0.0,In-Store,33.33
2727,23,Female,San Diego,2021-10-09,1179,1122.45,8,785.0,98.12,2023-01-03,2024-06-13,201,57.32,32.48,0.0,10.19,Online,75.0
2728,20,Female,Houston,2023-03-06,666,961.0,14,961.0,68.64,2023-04-01,2024-12-30,1,17.69,45.27,0.0,37.04,Online,78.57
2729,20,Male,Dallas,2022-04-21,985,845.31,12,773.0,64.42,2023-01-08,2024-02-11,324,29.11,40.75,0.0,30.14,Online,75.0
2730,22,Male,San Antonio,2024-03-27,279,222.5,6,222.5,37.08,2024-03-30,2024-12-22,9,62.92,0.0,0.0,37.08,Online,100.0
2731,22,Male,Los Angeles,2022-03-22,1015,667.71,7,435.0,62.14,2023-03-22,2024-06-24,190,55.17,14.94,0.0,29.89,Online,71.43
2732,26,Female,Los Angeles,2021-07-26,1254,632.87,9,488.0,54.22,2023-01-11,2024-12-05,26,8.2,17.42,26.64,47.75,Online,55.56
2733,37,Male,Chicago,2022-11-14,778,564.24,2,540.0,270.0,2023-04-09,2024-10-14,78,0.0,0.0,100.0,0.0,In-Store,0.0
2734,55,Male,Phoenix,2022-03-12,1025,1547.31,12,1345.0,112.08,2023-05-09,2024-11-19,42,19.7,0.0,66.91,13.38,In-Store,8.33
2735,20,Male,San Antonio,2023-11-05,422,375.0,4,375.0,93.75,2023-12-24,2024-02-12,323,0.0,52.0,0.0,48.0,Online,100.0
2736,21,Male,Los Angeles,2021-06-17,1293,1303.86,19,924.0,48.63,2023-01-18,2024-12-29,2,49.78,12.99,0.0,37.23,Online,94.74
2737,20,Male,Philadelphia,2023-04-17,624,1135.5,17,1135.5,66.79,2023-05-21,2024-11-29,32,52.4,20.26,0.0,27.34,Online,94.12
2738,26,Female,Phoenix,2024-06-24,190,233.0,3,233.0,77.67,2024-08-27,2024-11-25,36,55.79,36.48,0.0,7.73,In-Store,33.33
2739,27,Female,Los Angeles,2024-02-15,320,240.0,2,240.0,120.0,2024-04-28,2024-06-07,207,100.0,0.0,0.0,0.0,Online,100.0
2740,57,Male,Dallas,2022-06-25,920,664.08,8,560.0,70.0,2023-02-07,2024-05-02,243,57.14,21.43,21.43,0.0,In-Store,37.5
2741,19,Male,Chicago,2023-04-10,631,1551.0,19,1551.0,81.63,2023-05-02,2024-12-25,6,25.47,49.0,0.0,25.53,Online,78.95
2742,57,Male,Miami,2022-10-18,805,460.12,4,415.0,103.75,2023-06-29,2024-11-02,59,25.3,0.0,74.7,0.0,In-Store,0.0
2743,58,Male,Miami,2024-05-19,226,300.0,3,300.0,100.0,2024-12-05,2024-12-27,4,21.67,28.33,50.0,0.0,In-Store,0.0
2744,26,Male,Philadelphia,2023-03-22,650,560.5,15,560.5,37.37,2023-06-28,2024-12-09,22,27.65,31.22,0.0,41.12,Online,86.67
2745,18,Male,Miami,2022-12-02,760,144.7,4,137.5,34.38,2023-10-12,2024-11-20,41,40.0,0.0,0.0,60.0,Online,50.0
2746,40,Male,Dallas,2021-12-14,1113,1794.88,9,1670.0,185.56,2023-01-18,2024-06-17,197,0.0,0.0,100.0,0.0,Online,66.67
2747,65,Male,San Antonio,2021-04-20,1351,740.59,4,595.0,148.75,2023-07-27,2024-05-25,220,12.61,65.55,21.85,0.0,In-Store,0.0
2748,43,Male,Phoenix,2022-01-07,1089,244.7,1,85.0,85.0,2023-06-06,2023-06-06,574,0.0,100.0,0.0,0.0,In-Store,0.0
2749,41,Female,New York,2023-12-10,387,1302.5,7,1302.5,186.07,2023-12-30,2024-12-13,18,0.0,8.45,89.83,1.73,Online,57.14
2750,20,Female,Los Angeles,2021-07-20,1260,1630.61,21,1489.0,70.9,2023-02-24,2024-12-06,25,56.41,23.84,0.0,19.74,Online,90.48
2751,22,Male,Houston,2023-11-01,426,165.0,6,165.0,27.5,2023-11-25,2024-12-22,9,33.33,36.36,0.0,30.3,Online,83.33
2752,44,Male,Dallas,2022-04-10,996,757.53,7,557.5,79.64,2023-05-02,2024-09-13,109,65.47,0.0,26.91,7.62,In-Store,28.57
2753,23,Male,San Antonio,2023-11-29,398,348.0,9,348.0,38.67,2023-12-24,2024-12-31,0,34.48,30.17,0.0,35.34,Online,77.78
2754,24,Female,Chicago,2024-06-03,211,43.0,2,43.0,21.5,2024-06-30,2024-08-30,123,58.14,0.0,0.0,41.86,Online,50.0
2755,41,Female,Los Angeles,2021-04-13,1358,1338.39,7,1015.0,145.0,2023-01-23,2024-08-23,130,15.27,0.0,82.76,1.97,In-Store,14.29
2756,40,Female,Chicago,2024-04-21,254,110.0,2,110.0,55.0,2024-05-24,2024-06-11,203,59.09,0.0,0.0,40.91,In-Store,0.0
2757,41,Female,Philadelphia,2022-05-30,946,284.4,1,120.0,120.0,2023-03-13,2023-03-13,659,0.0,0.0,100.0,0.0,In-Store,0.0
2758,34,Female,Houston,2021-08-27,1222,253.19,3,125.0,41.67,2023-04-01,2024-02-26,309,84.0,0.0,0.0,16.0,Online,100.0
2759,48,Female,Philadelphia,2022-01-05,1091,289.43,3,110.0,36.67,2023-07-23,2024-06-10,204,59.09,0.0,0.0,40.91,Online,100.0
2760,37,Female,Philadelphia,2024-02-07,328,975.0,6,975.0,162.5,2024-02-27,2024-12-11,20,7.69,0.0,92.31,0.0,In-Store,33.33
2761,22,Female,Dallas,2022-07-10,905,1357.23,18,1237.5,68.75,2023-05-30,2024-11-05,56,35.56,21.41,0.0,43.03,Online,94.44
2762,23,Male,Philadelphia,2021-01-18,1443,361.96,3,77.5,25.83,2023-02-25,2023-05-12,599,70.97,0.0,0.0,29.03,Online,100.0
2763,32,Female,San Diego,2021-03-05,1397,662.89,3,490.0,163.33,2023-06-22,2023-09-26,462,0.0,0.0,100.0,0.0,In-Store,33.33
2764,48,Male,San Antonio,2021-05-16,1325,1577.74,16,1333.0,83.31,2023-04-29,2024-12-12,19,55.51,14.63,28.51,1.35,In-Store,18.75
2765,25,Female,New York,2024-03-30,276,65.0,1,65.0,65.0,2024-06-04,2024-06-04,210,100.0,0.0,0.0,0.0,Online,100.0
2766,46,Male,Houston,2023-07-08,542,530.0,6,530.0,88.33,2023-08-30,2024-10-28,64,31.13,19.81,49.06,0.0,In-Store,33.33
2767,41,Male,Chicago,2022-08-05,879,3457.0,18,3340.0,185.56,2023-02-14,2024-12-26,5,4.49,0.0,95.51,0.0,Online,50.0
2768,50,Female,Chicago,2022-01-15,1081,401.84,3,340.0,113.33,2023-07-09,2023-09-17,471,0.0,0.0,82.35,17.65,In-Store,0.0
2769,38,Female,Houston,2023-06-26,554,30.0,1,30.0,30.0,2023-08-23,2023-08-23,496,100.0,0.0,0.0,0.0,In-Store,0.0
2770,26,Male,Chicago,2022-05-19,957,683.65,9,495.0,55.0,2023-05-26,2024-08-05,148,67.68,0.0,0.0,32.32,Online,88.89
2771,50,Female,Phoenix,2022-12-26,736,1971.18,11,1970.0,179.09,2023-02-18,2024-11-03,58,0.0,5.58,94.42,0.0,Online,63.64
2772,27,Male,New York,2023-06-19,561,0.0,0,0.0,0.0,,,,0.0,0.0,0.0,0.0,,0.0
2773,61,Male,Miami,2021-08-28,1221,598.72,2,195.0,97.5,2024-06-29,2024-10-19,73,33.33,0.0,66.67,0.0,In-Store,0.0
2774,33,Female,Chicago,2023-11-14,413,70.0,2,70.0,35.0,2023-11-25,2023-12-11,386,0.0,100.0,0.0,0.0,Online,100.0
2775,50,Male,Phoenix,2024-06-18,196,485.0,4,485.0,121.25,2024-07-19,2024-12-28,3,15.46,57.73,26.8,0.0,In-Store,0.0
2776,36,Male,Houston,2023-06-10,570,30.0,1,30.0,30.0,2023-07-02,2023-07-02,548,0.0,100.0,0.0,0.0,Online,100.0
2777,57,Male,Miami,2023-07-31,519,1825.0,14,1825.0,130.36,2023-09-22,2024-12-18,13,34.25,12.6,53.15,0.0,In-Store,14.29
2778,40,Female,San Diego,2021-11-02,1155,1216.58,9,1140.0,126.67,2023-01-26,2024-12-25,6,22.81,6.14,71.05,0.0,In-Store,0.0
2779,42,Female,Houston,2023-11-07,420,950.0,8,950.0,118.75,2023-11-21,2024-12-27,4,25.26,17.89,56.84,0.0,In-Store,12.5
2780,35,Female,Chicago,2023-08-01,518,770.0,5,770.0,154.0,2023-12-03,2024-08-06,147,0.0,14.29,85.71,0.0,Online,60.0
2781,21,Female,Philadelphia,2023-04-13,628,410.0,5,410.0,82.0,2023-11-16,2024-06-05,209,86.59,8.54,0.0,4.88,Online,100.0
2782,52,Male,Philadelphia,2024-01-11,355,295.0,2,295.0,147.5,2024-04-06,2024-09-30,92,25.42,74.58,0.0,0.0,In-Store,0.0
2783,20,Female,Miami,2021-05-24,1317,1625.48,20,1257.5,62.88,2023-04-18,2024-12-14,17,39.36,16.3,28.63,15.71,Online,90.0
2784,52,Male,Philadelphia,2021-11-18,1139,998.03,9,790.0,87.78,2023-01-31,2024-05-20,225,6.33,31.65,54.43,7.59,In-Store,22.22
2785,65,Male,Phoenix,2023-12-24,373,425.0,3,425.0,141.67,2023-12-25,2024-04-12,263,5.88,0.0,84.71,9.41,Online,66.67
2786,25,Male,San Diego,2023-10-29,429,786.0,17,786.0,46.24,2023-12-26,2024-11-08,53,45.17,13.36,0.0,41.48,Online,82.35
2787,42,Female,San Diego,2023-03-19,653,960.0,10,960.0,96.0,2023-06-02,2024-11-09,52,34.38,3.12,62.5,0.0,In-Store,10.0
2788,40,Female,Phoenix,2023-05-07,604,1085.0,8,1085.0,135.62,2023-06-09,2024-12-14,17,5.99,10.14,83.87,0.0,Online,50.0
2789,26,Female,San Antonio,2021-06-04,1306,653.46,10,523.0,52.3,2023-03-01,2024-12-23,8,43.02,39.2,0.0,17.78,Online,80.0
2790,57,Female,Philadelphia,2021-05-04,1337,1176.82,8,880.0,110.0,2023-01-24,2024-12-13,18,40.91,31.82,20.45,6.82,In-Store,12.5
2791,53,Male,Houston,2022-04-08,998,1118.76,9,933.0,103.67,2023-02-23,2024-10-28,64,16.61,35.37,46.09,1.93,In-Store,0.0
2792,33,Male,New York,2023-12-25,372,25.0,1,25.0,25.0,2023-12-29,2023-12-29,368,100.0,0.0,0.0,0.0,Online,100.0
2793,30,Female,San Antonio,2022-10-23,800,2505.4,13,2470.0,190.0,2023-03-04,2024-11-21,40,0.0,0.0,100.0,0.0,Online,76.92
2794,26,Male,Miami,2022-12-11,751,443.62,7,437.5,62.5,2023-01-15,2024-01-20,346,59.43,13.71,0.0,26.86,Online,100.0
2795,38,Female,San Antonio,2021-04-25,1346,1668.15,8,1260.0,157.5,2023-03-08,2024-12-22,9,0.0,0.0,100.0,0.0,In-Store,50.0
2796,52,Female,Houston,2023-10-23,435,1145.0,9,1145.0,127.22,2023-10-28,2024-12-11,20,34.5,0.0,65.5,0.0,In-Store,22.22
2797,52,Male,Los Angeles,2024-05-29,216,120.0,1,120.0,120.0,2024-12-09,2024-12-09,22,0.0,0.0,100.0,0.0,In-Store,0.0
2798,25,Female,Miami,2021-01-17,1444,1792.87,12,1372.5,114.38,2023-06-03,2024-12-12,19,32.06,60.84,0.0,7.1,Online,83.33
2799,33,Male,Miami,2024-05-26,219,0.0,0,0.0,0.0,,,,0.0,0.0,0.0,0.0,,0.0
2800,42,Male,San Antonio,2022-09-23,830,173.57,4,150.5,37.62,2023-07-31,2024-11-30,31,43.19,0.0,0.0,56.81,Online,75.0
2801,18,Female,Miami,2024-02-22,313,22.5,1,22.5,22.5,2024-11-30,2024-11-30,31,0.0,0.0,0.0,100.0,In-Store,0.0
2802,24,Female,San Antonio,2021-06-18,1292,1369.9,16,1195.0,74.69,2023-01-30,2024-07-21,163,55.65,2.93,20.08,21.34,Online,87.5
2803,24,Female,New York,2023-12-05,392,0.0,0,0.0,0.0,,,,0.0,0.0,0.0,0.0,,0.0
2804,20,Female,Dallas,2023-05-19,592,465.0,8,465.0,58.12,2023-10-23,2024-11-05,56,70.97,0.0,0.0,29.03,Online,87.5
2805,40,Female,Dallas,2023-07-07,543,42.5,2,42.5,21.25,2024-04-14,2024-04-25,250,0.0,0.0,0.0,100.0,In-Store,50.0
